model,dataset,test_run,group_axis,review_fraction,mean_universe_n,mean_universe_error_count,mean_reviewed_n,mean_uncertainty_review_error_rate_at_k,mean_oracle_review_error_rate_at_k,mean_max_possible_review_error_rate_gain_over_uncertainty,mean_uncertainty_error_recall_at_k,mean_oracle_error_recall_at_k,mean_max_possible_error_recall_gain_over_uncertainty,mean_max_possible_review_error_count_gain_over_uncertainty,mean_uncertainty_fraction_of_oracle_error_count
DrugBAN,bindingdb,seed_4,drug,0.05,196.25,75.0,9.75,0.37430555555575,1.0,0.62569444444425,0.04861963493825,0.13154299968324357,0.08292336474499358,6.0,0.37430555555555556
DrugBAN,bindingdb,seed_4,drug,0.1,196.25,75.0,19.75,0.48685515873025,1.0,0.51314484126975,0.1289437823355,0.266134779854292,0.13719099751879205,10.0,0.4868551587301587
DrugBAN,bindingdb,seed_4,drug,0.2,196.25,75.0,39.25,0.51543239192825,1.0,0.48456760807175,0.27290874775625,0.5296653930419174,0.25675664528566744,19.0,0.5154323919284025
DrugBAN,bindingdb,seed_4,target,0.05,196.25,75.0,9.75,0.37430555555575,1.0,0.62569444444425,0.04861963493825,0.13154299968324357,0.08292336474499358,6.0,0.37430555555555556
DrugBAN,bindingdb,seed_4,target,0.1,196.25,75.0,19.75,0.48685515873025,1.0,0.51314484126975,0.1289437823355,0.266134779854292,0.13719099751879205,10.0,0.4868551587301587
DrugBAN,bindingdb,seed_4,target,0.2,196.25,75.0,39.25,0.51543239192825,1.0,0.48456760807175,0.27290874775625,0.5296653930419174,0.25675664528566744,19.0,0.5154323919284025
DrugBAN,bindingdb,seed_5,drug,0.05,179.5,32.75,9.0,0.16309523809525,1.0,0.83690476190475,0.04345881069275,0.28543235133660666,0.24197354064385665,7.5,0.1630952380952381
DrugBAN,bindingdb,seed_5,drug,0.1,179.5,32.75,18.0,0.25740563784025,1.0,0.7425943621597499,0.1442853246045,0.5694558101472995,0.4251704855427995,13.25,0.2574056378404205
DrugBAN,bindingdb,seed_5,drug,0.2,179.5,32.75,35.75,0.25375098567025,0.8884459036898061,0.6346949180195561,0.284661756683,0.9946808510638298,0.7100190943808298,23.25,0.28616499442586396
DrugBAN,bindingdb,seed_5,target,0.05,179.5,32.75,9.0,0.16309523809525,1.0,0.83690476190475,0.04345881069275,0.28543235133660666,0.24197354064385665,7.5,0.1630952380952381
DrugBAN,bindingdb,seed_5,target,0.1,179.5,32.75,18.0,0.25740563784025,1.0,0.7425943621597499,0.1442853246045,0.5694558101472995,0.4251704855427995,13.25,0.2574056378404205
DrugBAN,bindingdb,seed_5,target,0.2,179.5,32.75,35.75,0.25375098567025,0.8884459036898061,0.6346949180195561,0.284661756683,0.9946808510638298,0.7100190943808298,23.25,0.28616499442586396
DrugBAN,bindingdb,seed_6,drug,0.05,133.25,15.5,6.75,0.11904761904774999,1.0,0.8809523809522499,0.050148809524,0.43416491596638657,0.38401610644238654,6.0,0.11904761904761904
DrugBAN,bindingdb,seed_6,drug,0.1,133.25,15.5,13.5,0.0825424575425,1.0,0.9174575424575,0.06800595238099999,0.867139355742297,0.7991334033612969,12.5,0.08254245754245754
DrugBAN,bindingdb,seed_6,drug,0.2,133.25,15.5,26.75,0.10746443598475,0.5821278300941695,0.4746633941094195,0.18209033613449999,1.0,0.8179096638655,12.75,0.18209033613445377
DrugBAN,bindingdb,seed_6,target,0.05,133.25,15.5,6.75,0.11904761904774999,1.0,0.8809523809522499,0.050148809524,0.43416491596638657,0.38401610644238654,6.0,0.11904761904761904
DrugBAN,bindingdb,seed_6,target,0.1,133.25,15.5,13.5,0.0825424575425,1.0,0.9174575424575,0.06800595238099999,0.867139355742297,0.7991334033612969,12.5,0.08254245754245754
DrugBAN,bindingdb,seed_6,target,0.2,133.25,15.5,26.75,0.10746443598475,0.5821278300941695,0.4746633941094195,0.18209033613449999,1.0,0.8179096638655,12.75,0.18209033613445377
DrugBAN,bindingdb,seed_7,drug,0.05,176.75,39.0,9.0,0.329788961039,1.0,0.670211038961,0.078292945085,0.23338463292293662,0.15509168783793661,6.25,0.32978896103896105
DrugBAN,bindingdb,seed_7,drug,0.1,176.75,39.0,17.75,0.32170625427175,1.0,0.67829374572825,0.15035665428975,0.46095531235750115,0.31059865806775117,12.25,0.32170625427204375
DrugBAN,bindingdb,seed_7,drug,0.2,176.75,39.0,35.25,0.3441973130645,1.0,0.6558026869355,0.31815516904425,0.91546967624259,0.59731450719834,23.5,0.34419731306452983
DrugBAN,bindingdb,seed_7,target,0.05,176.75,39.0,9.0,0.329788961039,1.0,0.670211038961,0.078292945085,0.23338463292293662,0.15509168783793661,6.25,0.32978896103896105
DrugBAN,bindingdb,seed_7,target,0.1,176.75,39.0,17.75,0.32170625427175,1.0,0.67829374572825,0.15035665428975,0.46095531235750115,0.31059865806775117,12.25,0.32170625427204375
DrugBAN,bindingdb,seed_7,target,0.2,176.75,39.0,35.25,0.3441973130645,1.0,0.6558026869355,0.31815516904425,0.91546967624259,0.59731450719834,23.5,0.34419731306452983
DrugBAN,bindingdb,seed_8,drug,0.05,7.25,1.0,0.0,,,,,0.0,,,
DrugBAN,bindingdb,seed_8,drug,0.1,7.25,1.0,0.0,,,,,0.0,,,
DrugBAN,bindingdb,seed_8,drug,0.2,7.25,1.0,0.0,,,,,0.0,,,
DrugBAN,bindingdb,seed_8,target,0.05,7.25,1.0,0.0,,,,,0.0,,,
DrugBAN,bindingdb,seed_8,target,0.1,7.25,1.0,0.0,,,,,0.0,,,
DrugBAN,bindingdb,seed_8,target,0.2,7.25,1.0,0.0,,,,,0.0,,,
DrugBAN,biosnap,seed_4,drug,0.05,117.0,18.0,5.75,0.35476190476175,1.0,0.6452380952382499,0.12767232767225,0.34977522477522477,0.22210289710297476,3.75,0.3547619047619048
DrugBAN,biosnap,seed_4,drug,0.1,117.0,18.0,11.75,0.36105561105524997,1.0,0.6389443889447499,0.25307192807175,0.7037712287712288,0.45069930069947883,7.5,0.36105561105561107
DrugBAN,biosnap,seed_4,drug,0.2,117.0,18.0,23.25,0.31209273182950004,0.7503884711779448,0.43829573934844485,0.40979020979,1.0,0.59020979021,10.5,0.4097902097902098
DrugBAN,biosnap,seed_4,target,0.05,117.0,18.0,5.75,0.35476190476175,1.0,0.6452380952382499,0.12767232767225,0.34977522477522477,0.22210289710297476,3.75,0.3547619047619048
DrugBAN,biosnap,seed_4,target,0.1,117.0,18.0,11.75,0.36105561105524997,1.0,0.6389443889447499,0.25307192807175,0.7037712287712288,0.45069930069947883,7.5,0.36105561105561107
DrugBAN,biosnap,seed_4,target,0.2,117.0,18.0,23.25,0.31209273182950004,0.7503884711779448,0.43829573934844485,0.40979020979,1.0,0.59020979021,10.5,0.4097902097902098
DrugBAN,biosnap,seed_5,drug,0.05,148.25,28.25,7.0,0.29464285714274996,1.0,0.70535714285725,0.07628223703275,0.25094175601274993,0.17465951897999993,5.0,0.29464285714285715
DrugBAN,biosnap,seed_5,drug,0.1,148.25,28.25,15.0,0.40301659125175004,1.0,0.59698340874825,0.2169781705785,0.5383825944170773,0.3214044238385772,9.0,0.4030165912518854
DrugBAN,biosnap,seed_5,drug,0.2,148.25,28.25,29.5,0.3710433244915,0.9435897435897436,0.5725464190982437,0.388353617309,0.9926470588235294,0.6042934415145295,17.0,0.3908045977011494
DrugBAN,biosnap,seed_5,target,0.05,148.25,28.25,7.0,0.29464285714274996,1.0,0.70535714285725,0.07628223703275,0.25094175601274993,0.17465951897999993,5.0,0.29464285714285715
DrugBAN,biosnap,seed_5,target,0.1,148.25,28.25,15.0,0.40301659125175004,1.0,0.59698340874825,0.2169781705785,0.5383825944170773,0.3214044238385772,9.0,0.4030165912518854
DrugBAN,biosnap,seed_5,target,0.2,148.25,28.25,29.5,0.3710433244915,0.9435897435897436,0.5725464190982437,0.388353617309,0.9926470588235294,0.6042934415145295,17.0,0.3908045977011494
DrugBAN,biosnap,seed_6,drug,0.05,163.5,29.5,8.0,0.2118055555555,1.0,0.7881944444444999,0.05518353174625,0.275974025974026,0.22079049422777597,6.25,0.21180555555555555
DrugBAN,biosnap,seed_6,drug,0.1,163.5,29.5,16.5,0.23684901592225,1.0,0.76315098407775,0.13065927128425,0.5667049963924964,0.43604572510824635,12.5,0.23684901592215835
DrugBAN,biosnap,seed_6,drug,0.2,163.5,29.5,32.75,0.25827049835225,0.8943712459516914,0.6361007475994414,0.28961489899,1.0,0.71038510101,21.0,0.289614898989899
DrugBAN,biosnap,seed_6,target,0.05,163.5,29.5,8.0,0.2118055555555,1.0,0.7881944444444999,0.05518353174625,0.275974025974026,0.22079049422777597,6.25,0.21180555555555555
DrugBAN,biosnap,seed_6,target,0.1,163.5,29.5,16.5,0.23684901592225,1.0,0.76315098407775,0.13065927128425,0.5667049963924964,0.43604572510824635,12.5,0.23684901592215835
DrugBAN,biosnap,seed_6,target,0.2,163.5,29.5,32.75,0.25827049835225,0.8943712459516914,0.6361007475994414,0.28961489899,1.0,0.71038510101,21.0,0.289614898989899
DrugBAN,biosnap,seed_7,drug,0.05,135.5,38.75,6.5,0.44464285714275,1.0,0.55535714285725,0.07625040611875,0.169440346671584,0.093189940552834,3.75,0.4446428571428571
DrugBAN,biosnap,seed_7,drug,0.1,135.5,38.75,13.5,0.43617424242425,1.0,0.56382575757575,0.1557739083095,0.35345376395072137,0.19767985564122137,7.75,0.4361742424242424
DrugBAN,biosnap,seed_7,drug,0.2,135.5,38.75,27.0,0.44909221525575,1.0,0.5509077847442501,0.31821694194925,0.7058571077333755,0.38764016578412547,15.0,0.44909221525600834
DrugBAN,biosnap,seed_7,target,0.05,135.5,38.75,6.5,0.44464285714275,1.0,0.55535714285725,0.07625040611875,0.169440346671584,0.093189940552834,3.75,0.4446428571428571
DrugBAN,biosnap,seed_7,target,0.1,135.5,38.75,13.5,0.43617424242425,1.0,0.56382575757575,0.1557739083095,0.35345376395072137,0.19767985564122137,7.75,0.4361742424242424
DrugBAN,biosnap,seed_7,target,0.2,135.5,38.75,27.0,0.44909221525575,1.0,0.5509077847442501,0.31821694194925,0.7058571077333755,0.38764016578412547,15.0,0.44909221525600834
DrugBAN,biosnap,seed_8,drug,0.05,155.5,22.25,8.0,0.34226190476175,1.0,0.65773809523825,0.12437929717375,0.36511650114591293,0.24073720397216292,5.25,0.34226190476190477
DrugBAN,biosnap,seed_8,drug,0.1,155.5,22.25,15.5,0.2876400560225,1.0,0.7123599439775,0.199961802903,0.709940794499618,0.509978991596618,11.0,0.28764005602240894
DrugBAN,biosnap,seed_8,drug,0.2,155.5,22.25,31.25,0.2611751152075,0.7066244239631336,0.44544930875563366,0.36826776164999997,1.0,0.6317322383499999,14.0,0.3682677616501146
DrugBAN,biosnap,seed_8,target,0.05,155.5,22.25,8.0,0.34226190476175,1.0,0.65773809523825,0.12437929717375,0.36511650114591293,0.24073720397216292,5.25,0.34226190476190477
DrugBAN,biosnap,seed_8,target,0.1,155.5,22.25,15.5,0.2876400560225,1.0,0.7123599439775,0.199961802903,0.709940794499618,0.509978991596618,11.0,0.28764005602240894
DrugBAN,biosnap,seed_8,target,0.2,155.5,22.25,31.25,0.2611751152075,0.7066244239631336,0.44544930875563366,0.36826776164999997,1.0,0.6317322383499999,14.0,0.3682677616501146
DrugBAN,human,seed_4,drug,0.05,9.75,0.5,0.0,,,,,0.0,,,
DrugBAN,human,seed_4,drug,0.1,9.75,0.5,0.0,,,,,0.0,,,
DrugBAN,human,seed_4,drug,0.2,9.75,0.5,0.0,,,,,0.0,,,
DrugBAN,human,seed_4,target,0.05,9.75,0.5,0.0,,,,,0.0,,,
DrugBAN,human,seed_4,target,0.1,9.75,0.5,0.0,,,,,0.0,,,
DrugBAN,human,seed_4,target,0.2,9.75,0.5,0.0,,,,,0.0,,,
DrugBAN,human,seed_5,drug,0.05,35.75,5.25,1.5,0.11111111111100001,1.0,0.888888888889,0.03333333333333333,0.2714285714285714,0.32857142857142857,1.6666666666666667,0.1111111111111111
DrugBAN,human,seed_5,drug,0.1,35.75,5.25,3.25,0.2333333333333333,1.0,0.7666666666666666,0.147619047619,0.5785714285714285,0.6238095238095714,3.0,0.2333333333333333
DrugBAN,human,seed_5,drug,0.2,35.75,5.25,6.25,0.3045454545453333,0.703030303030303,0.3984848484849697,0.442857142857,0.75,0.5571428571429999,3.6666666666666665,0.44285714285714284
DrugBAN,human,seed_5,target,0.05,35.75,5.25,1.5,0.11111111111100001,1.0,0.888888888889,0.03333333333333333,0.2714285714285714,0.32857142857142857,1.6666666666666667,0.1111111111111111
DrugBAN,human,seed_5,target,0.1,35.75,5.25,3.25,0.2333333333333333,1.0,0.7666666666666666,0.147619047619,0.5785714285714285,0.6238095238095714,3.0,0.2333333333333333
DrugBAN,human,seed_5,target,0.2,35.75,5.25,6.25,0.3045454545453333,0.703030303030303,0.3984848484849697,0.442857142857,0.75,0.5571428571429999,3.6666666666666665,0.44285714285714284
DrugBAN,human,seed_6,drug,0.05,10.25,1.25,0.0,,,,,0.0,,,
DrugBAN,human,seed_6,drug,0.1,10.25,1.25,0.0,,,,,0.0,,,
DrugBAN,human,seed_6,drug,0.2,10.25,1.25,0.0,,,,,0.0,,,
DrugBAN,human,seed_6,target,0.05,10.25,1.25,0.0,,,,,0.0,,,
DrugBAN,human,seed_6,target,0.1,10.25,1.25,0.0,,,,,0.0,,,
DrugBAN,human,seed_6,target,0.2,10.25,1.25,0.0,,,,,0.0,,,
DrugBAN,human,seed_7,drug,0.05,27.0,0.75,1.0,0.0,0.75,0.75,0.0,1.0,1.0,1.5,0.0
DrugBAN,human,seed_7,drug,0.1,27.0,0.75,1.75,0.125,0.41666666666666663,0.29166666666666663,0.25,1.0,0.75,1.0,0.25
DrugBAN,human,seed_7,drug,0.2,27.0,0.75,3.75,0.0625,0.19642857142857142,0.13392857142857142,0.25,1.0,0.75,1.0,0.25
DrugBAN,human,seed_7,target,0.05,27.0,0.75,1.0,0.0,0.75,0.75,0.0,1.0,1.0,1.5,0.0
DrugBAN,human,seed_7,target,0.1,27.0,0.75,1.75,0.125,0.41666666666666663,0.29166666666666663,0.25,1.0,0.75,1.0,0.25
DrugBAN,human,seed_7,target,0.2,27.0,0.75,3.75,0.0625,0.19642857142857142,0.13392857142857142,0.25,1.0,0.75,1.0,0.25
DrugBAN,human,seed_8,drug,0.05,56.25,7.25,2.75,0.25,1.0,0.75,0.077380952381,0.41964285714285715,0.34226190476185714,2.0,0.25
DrugBAN,human,seed_8,drug,0.1,56.25,7.25,5.75,0.34166666666675,0.95,0.60833333333325,0.26488095238075005,0.8392857142857143,0.5744047619049643,3.5,0.35416666666666663
DrugBAN,human,seed_8,drug,0.2,56.25,7.25,11.25,0.29947552447525,0.6262237762237762,0.32674825174852623,0.45535714285725004,1.0,0.54464285714275,3.75,0.45535714285714285
DrugBAN,human,seed_8,target,0.05,56.25,7.25,2.75,0.25,1.0,0.75,0.077380952381,0.41964285714285715,0.34226190476185714,2.0,0.25
DrugBAN,human,seed_8,target,0.1,56.25,7.25,5.75,0.34166666666675,0.95,0.60833333333325,0.26488095238075005,0.8392857142857143,0.5744047619049643,3.5,0.35416666666666663
DrugBAN,human,seed_8,target,0.2,56.25,7.25,11.25,0.29947552447525,0.6262237762237762,0.32674825174852623,0.45535714285725004,1.0,0.54464285714275,3.75,0.45535714285714285
PACE,bindingdb,seed_4,drug,0.05,131.25,22.5,6.75,0.20277777777775,1.0,0.79722222222225,0.06618417424875,0.3189481665288117,0.25276399228006174,5.5,0.20277777777777778
PACE,bindingdb,seed_4,drug,0.1,131.25,22.5,13.0,0.17579334365325,1.0,0.82420665634675,0.10736834849725,0.6228873724841467,0.5155190239868968,10.75,0.17579334365325078
PACE,bindingdb,seed_4,drug,0.2,131.25,22.5,26.25,0.1811463046755,0.816553544494721,0.635407239819221,0.22392128480825002,1.0,0.77607871519175,17.75,0.22392128480838158
PACE,bindingdb,seed_4,target,0.05,131.25,22.5,6.75,0.20277777777775,1.0,0.79722222222225,0.06618417424875,0.3189481665288117,0.25276399228006174,5.5,0.20277777777777778
PACE,bindingdb,seed_4,target,0.1,131.25,22.5,13.0,0.17579334365325,1.0,0.82420665634675,0.10736834849725,0.6228873724841467,0.5155190239868968,10.75,0.17579334365325078
PACE,bindingdb,seed_4,target,0.2,131.25,22.5,26.25,0.1811463046755,0.816553544494721,0.635407239819221,0.22392128480825002,1.0,0.77607871519175,17.75,0.22392128480838158
PACE,bindingdb,seed_5,drug,0.05,95.5,17.75,5.0,0.0625,0.875,0.8125,0.0151515151515,0.6177489177489177,0.6025974025974178,4.25,0.0625
PACE,bindingdb,seed_5,drug,0.1,95.5,17.75,9.5,0.179411764706,0.75,0.5705882352939999,0.16958874458875,0.7350649350649351,0.565476190476185,7.0,0.221078431372549
PACE,bindingdb,seed_5,drug,0.2,95.5,17.75,19.25,0.16218487394949999,0.6130952380952381,0.4509103641457381,0.24318181818175,0.9701298701298702,0.7269480519481202,12.5,0.2514705882352941
PACE,bindingdb,seed_5,target,0.05,95.5,17.75,5.0,0.0625,0.875,0.8125,0.0151515151515,0.6177489177489177,0.6025974025974178,4.25,0.0625
PACE,bindingdb,seed_5,target,0.1,95.5,17.75,9.5,0.179411764706,0.75,0.5705882352939999,0.16958874458875,0.7350649350649351,0.565476190476185,7.0,0.221078431372549
PACE,bindingdb,seed_5,target,0.2,95.5,17.75,19.25,0.16218487394949999,0.6130952380952381,0.4509103641457381,0.24318181818175,0.9701298701298702,0.7269480519481202,12.5,0.2514705882352941
PACE,bindingdb,seed_6,drug,0.05,24.25,2.5,1.0,0.5,1.0,0.5,0.20833333333350001,0.41666666666666663,0.20833333333316667,1.0,0.5
PACE,bindingdb,seed_6,drug,0.1,24.25,2.5,2.25,0.225,1.0,0.775,0.20833333333350001,0.9166666666666667,0.7083333333331667,3.5,0.225
PACE,bindingdb,seed_6,drug,0.2,24.25,2.5,4.5,0.2125,0.55,0.3375,0.375,1.0,0.625,3.0,0.375
PACE,bindingdb,seed_6,target,0.05,24.25,2.5,1.0,0.5,1.0,0.5,0.20833333333350001,0.41666666666666663,0.20833333333316667,1.0,0.5
PACE,bindingdb,seed_6,target,0.1,24.25,2.5,2.25,0.225,1.0,0.775,0.20833333333350001,0.9166666666666667,0.7083333333331667,3.5,0.225
PACE,bindingdb,seed_6,target,0.2,24.25,2.5,4.5,0.2125,0.55,0.3375,0.375,1.0,0.625,3.0,0.375
PACE,bindingdb,seed_7,drug,0.05,37.5,7.25,1.5,0.666666666667,1.0,0.33333333333299997,0.139423076923,0.2091346153846154,0.06971153846161539,1.0,0.6666666666666666
PACE,bindingdb,seed_7,drug,0.1,37.5,7.25,3.25,0.547619047619,1.0,0.45238095238099996,0.247596153846,0.4495192307692308,0.20192307692323078,3.0,0.5476190476190476
PACE,bindingdb,seed_7,drug,0.2,37.5,7.25,6.5,0.5773809523810001,1.0,0.422619047619,0.519230769231,0.8990384615384616,0.3798076923074616,5.5,0.5773809523809523
PACE,bindingdb,seed_7,target,0.05,37.5,7.25,1.5,0.666666666667,1.0,0.33333333333299997,0.139423076923,0.2091346153846154,0.06971153846161539,1.0,0.6666666666666666
PACE,bindingdb,seed_7,target,0.1,37.5,7.25,3.25,0.547619047619,1.0,0.45238095238099996,0.247596153846,0.4495192307692308,0.20192307692323078,3.0,0.5476190476190476
PACE,bindingdb,seed_7,target,0.2,37.5,7.25,6.5,0.5773809523810001,1.0,0.422619047619,0.519230769231,0.8990384615384616,0.3798076923074616,5.5,0.5773809523809523
PACE,bindingdb,seed_8,drug,0.05,96.75,17.5,4.75,0.2276785714285,1.0,0.7723214285715,0.051640926641,0.5332207207207207,0.48157979407972074,3.0,0.22767857142857142
PACE,bindingdb,seed_8,drug,0.1,96.75,17.5,9.75,0.26151960784325,0.8541666666666666,0.5926470588234166,0.17985842985825,0.7487934362934363,0.5689350064351864,5.75,0.2823529411764706
PACE,bindingdb,seed_8,drug,0.2,96.75,17.5,19.5,0.188068181818,0.6485119047619048,0.4604437229439048,0.233671171171,0.972972972972973,0.739301801801973,11.25,0.24431818181818182
PACE,bindingdb,seed_8,target,0.05,96.75,17.5,4.75,0.2276785714285,1.0,0.7723214285715,0.051640926641,0.5332207207207207,0.48157979407972074,3.0,0.22767857142857142
PACE,bindingdb,seed_8,target,0.1,96.75,17.5,9.75,0.26151960784325,0.8541666666666666,0.5926470588234166,0.17985842985825,0.7487934362934363,0.5689350064351864,5.75,0.2823529411764706
PACE,bindingdb,seed_8,target,0.2,96.75,17.5,19.5,0.188068181818,0.6485119047619048,0.4604437229439048,0.233671171171,0.972972972972973,0.739301801801973,11.25,0.24431818181818182
PACE,biosnap,seed_4,drug,0.05,221.25,28.75,11.0,0.24924242424225002,1.0,0.75075757575775,0.0977443609025,0.3944235588972431,0.29667919799474307,8.25,0.24924242424242424
PACE,biosnap,seed_4,drug,0.1,221.25,28.75,22.0,0.2644736842105,1.0,0.7355263157895,0.19971804511275,0.7835213032581454,0.5838032581453954,16.0,0.2644736842105263
PACE,biosnap,seed_4,drug,0.2,221.25,28.75,44.25,0.222097902098,0.6427972027972028,0.4206993006992028,0.342105263158,1.0,0.6578947368420001,18.75,0.34210526315789475
PACE,biosnap,seed_4,target,0.05,221.25,28.75,11.0,0.24924242424225002,1.0,0.75075757575775,0.0977443609025,0.3944235588972431,0.29667919799474307,8.25,0.24924242424242424
PACE,biosnap,seed_4,target,0.1,221.25,28.75,22.0,0.2644736842105,1.0,0.7355263157895,0.19971804511275,0.7835213032581454,0.5838032581453954,16.0,0.2644736842105263
PACE,biosnap,seed_4,target,0.2,221.25,28.75,44.25,0.222097902098,0.6427972027972028,0.4206993006992028,0.342105263158,1.0,0.6578947368420001,18.75,0.34210526315789475
PACE,biosnap,seed_5,drug,0.05,137.25,10.25,7.0,0.1651785714285,1.0,0.8348214285715,0.10634920634924999,0.6998015873015873,0.5934523809523373,5.75,0.16517857142857142
PACE,biosnap,seed_5,drug,0.1,137.25,10.25,13.75,0.117445054945,0.7370650183150182,0.6196199633700183,0.14920634920625,1.0,0.85079365079375,8.5,0.1492063492063492
PACE,biosnap,seed_5,drug,0.2,137.25,10.25,27.5,0.095180860806,0.3685325091575091,0.27335164835150916,0.2474206349205,1.0,0.7525793650795,7.5,0.24742063492063493
PACE,biosnap,seed_5,target,0.05,137.25,10.25,7.0,0.1651785714285,1.0,0.8348214285715,0.10634920634924999,0.6998015873015873,0.5934523809523373,5.75,0.16517857142857142
PACE,biosnap,seed_5,target,0.1,137.25,10.25,13.75,0.117445054945,0.7370650183150182,0.6196199633700183,0.14920634920625,1.0,0.85079365079375,8.5,0.1492063492063492
PACE,biosnap,seed_5,target,0.2,137.25,10.25,27.5,0.095180860806,0.3685325091575091,0.27335164835150916,0.2474206349205,1.0,0.7525793650795,7.5,0.24742063492063493
PACE,biosnap,seed_6,drug,0.05,162.5,12.75,8.0,0.25198412698399997,1.0,0.748015873016,0.16724941724925,0.6551087801087802,0.48785936285953013,6.0,0.251984126984127
PACE,biosnap,seed_6,drug,0.1,162.5,12.75,16.5,0.2272915745245,0.7606078615656788,0.5333162870411788,0.302933177933,1.0,0.697066822067,9.0,0.3029331779331779
PACE,biosnap,seed_6,drug,0.2,162.5,12.75,32.25,0.19929531018225,0.38917329038296783,0.1898779802007178,0.51563714063725,1.0,0.48436285936275,6.25,0.5156371406371406
PACE,biosnap,seed_6,target,0.05,162.5,12.75,8.0,0.25198412698399997,1.0,0.748015873016,0.16724941724925,0.6551087801087802,0.48785936285953013,6.0,0.251984126984127
PACE,biosnap,seed_6,target,0.1,162.5,12.75,16.5,0.2272915745245,0.7606078615656788,0.5333162870411788,0.302933177933,1.0,0.697066822067,9.0,0.3029331779331779
PACE,biosnap,seed_6,target,0.2,162.5,12.75,32.25,0.19929531018225,0.38917329038296783,0.1898779802007178,0.51563714063725,1.0,0.48436285936275,6.25,0.5156371406371406
PACE,biosnap,seed_7,drug,0.05,138.25,8.25,6.75,0.15625,0.9166666666666666,0.7604166666666666,0.14423076923075,0.8100961538461539,0.6658653846154039,5.25,0.17708333333333331
PACE,biosnap,seed_7,drug,0.1,138.25,8.25,13.75,0.17588141025625,0.58316163003663,0.40728021978038004,0.28365384615375,1.0,0.71634615384625,5.75,0.28365384615384615
PACE,biosnap,seed_7,drug,0.2,138.25,8.25,27.75,0.15304716522875,0.2878517035188699,0.13480453829011993,0.56490384615375,1.0,0.43509615384625,4.0,0.5649038461538461
PACE,biosnap,seed_7,target,0.05,138.25,8.25,6.75,0.15625,0.9166666666666666,0.7604166666666666,0.14423076923075,0.8100961538461539,0.6658653846154039,5.25,0.17708333333333331
PACE,biosnap,seed_7,target,0.1,138.25,8.25,13.75,0.17588141025625,0.58316163003663,0.40728021978038004,0.28365384615375,1.0,0.71634615384625,5.75,0.28365384615384615
PACE,biosnap,seed_7,target,0.2,138.25,8.25,27.75,0.15304716522875,0.2878517035188699,0.13480453829011993,0.56490384615375,1.0,0.43509615384625,4.0,0.5649038461538461
PACE,biosnap,seed_8,drug,0.05,156.75,13.5,8.0,0.2127976190475,1.0,0.7872023809525,0.12368881118875,0.6231643356643357,0.4994755244755857,6.25,0.21279761904761904
PACE,biosnap,seed_8,drug,0.1,156.75,13.5,15.75,0.18258928571425,0.815029761904762,0.6324404761905119,0.20541958041949998,0.975,0.7695804195805,10.0,0.21375291375291375
PACE,biosnap,seed_8,drug,0.2,156.75,13.5,31.25,0.145138888889,0.42471064814814813,0.2795717592591481,0.3223776223775,1.0,0.6776223776225,8.75,0.32237762237762235
PACE,biosnap,seed_8,target,0.05,156.75,13.5,8.0,0.2127976190475,1.0,0.7872023809525,0.12368881118875,0.6231643356643357,0.4994755244755857,6.25,0.21279761904761904
PACE,biosnap,seed_8,target,0.1,156.75,13.5,15.75,0.18258928571425,0.815029761904762,0.6324404761905119,0.20541958041949998,0.975,0.7695804195805,10.0,0.21375291375291375
PACE,biosnap,seed_8,target,0.2,156.75,13.5,31.25,0.145138888889,0.42471064814814813,0.2795717592591481,0.3223776223775,1.0,0.6776223776225,8.75,0.32237762237762235
PACE,human,seed_4,drug,0.05,79.0,14.5,4.0,0.625,1.0,0.375,0.18469765528575,0.28547922665569725,0.10078157136994725,1.5,0.625
PACE,human,seed_4,drug,0.1,79.0,14.5,7.75,0.57589285714275,1.0,0.42410714285725,0.311394487865,0.5482311805841218,0.23683669271912178,3.25,0.5758928571428571
PACE,human,seed_4,drug,0.2,79.0,14.5,15.75,0.5229779411765,0.9,0.3770220588235,0.5776429452902501,0.9852941176470589,0.4076511723568088,6.0,0.5859150041135335
PACE,human,seed_4,target,0.05,79.0,14.5,4.0,0.625,1.0,0.375,0.18469765528575,0.28547922665569725,0.10078157136994725,1.5,0.625
PACE,human,seed_4,target,0.1,79.0,14.5,7.75,0.57589285714275,1.0,0.42410714285725,0.311394487865,0.5482311805841218,0.23683669271912178,3.25,0.5758928571428571
PACE,human,seed_4,target,0.2,79.0,14.5,15.75,0.5229779411765,0.9,0.3770220588235,0.5776429452902501,0.9852941176470589,0.4076511723568088,6.0,0.5859150041135335
PACE,human,seed_5,drug,0.05,81.5,13.5,4.0,0.625,1.0,0.375,0.1833333333335,0.3,0.11666666666649998,1.5,0.625
PACE,human,seed_5,drug,0.1,81.5,13.5,8.5,0.3541666666665,1.0,0.6458333333335,0.225,0.6333333333333333,0.4083333333333333,5.5,0.35416666666666663
PACE,human,seed_5,drug,0.2,81.5,13.5,16.0,0.343137254902,0.8411764705882353,0.4980392156862353,0.40833333333349997,1.0,0.5916666666665,8.0,0.4083333333333333
PACE,human,seed_5,target,0.05,81.5,13.5,4.0,0.625,1.0,0.375,0.1833333333335,0.3,0.11666666666649998,1.5,0.625
PACE,human,seed_5,target,0.1,81.5,13.5,8.5,0.3541666666665,1.0,0.6458333333335,0.225,0.6333333333333333,0.4083333333333333,5.5,0.35416666666666663
PACE,human,seed_5,target,0.2,81.5,13.5,16.0,0.343137254902,0.8411764705882353,0.4980392156862353,0.40833333333349997,1.0,0.5916666666665,8.0,0.4083333333333333
PACE,human,seed_6,drug,0.05,70.75,9.5,3.5,0.5,1.0,0.5,0.18808275058275,0.3865821678321678,0.19849941724941783,1.75,0.5
PACE,human,seed_6,drug,0.1,70.75,9.5,7.0,0.5357142857142501,1.0,0.46428571428575,0.40930944055925,0.7816870629370629,0.37237762237781297,3.25,0.5357142857142857
PACE,human,seed_6,drug,0.2,70.75,9.5,14.25,0.4136446886445,0.6582417582417582,0.24459706959725822,0.6169143356644999,1.0,0.3830856643355,3.5,0.6169143356643356
PACE,human,seed_6,target,0.05,70.75,9.5,3.5,0.5,1.0,0.5,0.18808275058275,0.3865821678321678,0.19849941724941783,1.75,0.5
PACE,human,seed_6,target,0.1,70.75,9.5,7.0,0.5357142857142501,1.0,0.46428571428575,0.40930944055925,0.7816870629370629,0.37237762237781297,3.25,0.5357142857142857
PACE,human,seed_6,target,0.2,70.75,9.5,14.25,0.4136446886445,0.6582417582417582,0.24459706959725822,0.6169143356644999,1.0,0.3830856643355,3.5,0.6169143356643356
PACE,human,seed_7,drug,0.05,75.0,9.25,3.75,0.45833333333325,1.0,0.54166666666675,0.199621212121,0.4353535353535353,0.23573232323253532,2.0,0.4583333333333333
PACE,human,seed_7,drug,0.1,75.0,9.25,7.5,0.46875,0.9285714285714286,0.4598214285714286,0.39419191919200003,0.7929292929292929,0.3987373737372929,3.5,0.4973214285714286
PACE,human,seed_7,drug,0.2,75.0,9.25,15.0,0.41190476190475,0.6101190476190476,0.19821428571429758,0.66515151515175,1.0,0.33484848484825,3.0,0.6651515151515152
PACE,human,seed_7,target,0.05,75.0,9.25,3.75,0.45833333333325,1.0,0.54166666666675,0.199621212121,0.4353535353535353,0.23573232323253532,2.0,0.4583333333333333
PACE,human,seed_7,target,0.1,75.0,9.25,7.5,0.46875,0.9285714285714286,0.4598214285714286,0.39419191919200003,0.7929292929292929,0.3987373737372929,3.5,0.4973214285714286
PACE,human,seed_7,target,0.2,75.0,9.25,15.0,0.41190476190475,0.6101190476190476,0.19821428571429758,0.66515151515175,1.0,0.33484848484825,3.0,0.6651515151515152
PACE,human,seed_8,drug,0.05,79.75,10.0,4.0,0.3125,1.0,0.6875,0.130366161616,0.41035353535353536,0.27998737373753535,2.75,0.3125
PACE,human,seed_8,drug,0.1,79.75,10.0,7.75,0.25446428571425,1.0,0.7455357142857499,0.19476010101,0.7894570707070707,0.5946969696970706,5.75,0.2544642857142857
PACE,human,seed_8,drug,0.2,79.75,10.0,16.0,0.24901960784325,0.6215686274509804,0.3725490196077304,0.39993686868675,1.0,0.60006313131325,6.0,0.3999368686868687
PACE,human,seed_8,target,0.05,79.75,10.0,4.0,0.3125,1.0,0.6875,0.130366161616,0.41035353535353536,0.27998737373753535,2.75,0.3125
PACE,human,seed_8,target,0.1,79.75,10.0,7.75,0.25446428571425,1.0,0.7455357142857499,0.19476010101,0.7894570707070707,0.5946969696970706,5.75,0.2544642857142857
PACE,human,seed_8,target,0.2,79.75,10.0,16.0,0.24901960784325,0.6215686274509804,0.3725490196077304,0.39993686868675,1.0,0.60006313131325,6.0,0.3999368686868687
TAPB,bindingdb,seed_4,drug,0.05,1.25,0.0,0.0,,,,,,,,
TAPB,bindingdb,seed_4,drug,0.1,1.25,0.0,0.0,,,,,,,,
TAPB,bindingdb,seed_4,drug,0.2,1.25,0.0,0.0,,,,,,,,
TAPB,bindingdb,seed_4,target,0.05,1.25,0.0,0.0,,,,,,,,
TAPB,bindingdb,seed_4,target,0.1,1.25,0.0,0.0,,,,,,,,
TAPB,bindingdb,seed_4,target,0.2,1.25,0.0,0.0,,,,,,,,
TAPB,bindingdb,seed_5,drug,0.05,150.25,51.75,7.75,0.48055555555575,1.0,0.51944444444425,0.07257532956675,0.15202448210922787,0.07944915254247788,3.75,0.4805555555555555
TAPB,bindingdb,seed_5,drug,0.1,150.25,51.75,14.75,0.4436567689275,1.0,0.5563432310724999,0.12633003766475,0.2893950094161959,0.16306497175144585,7.75,0.44365676892766676
TAPB,bindingdb,seed_5,drug,0.2,150.25,51.75,30.0,0.40752296722875,1.0,0.59247703277125,0.23702919020725,0.588512241054614,0.351483050847364,17.25,0.40752296722884956
TAPB,bindingdb,seed_5,target,0.05,150.25,51.75,7.75,0.48055555555575,1.0,0.51944444444425,0.07257532956675,0.15202448210922787,0.07944915254247788,3.75,0.4805555555555555
TAPB,bindingdb,seed_5,target,0.1,150.25,51.75,14.75,0.4436567689275,1.0,0.5563432310724999,0.12633003766475,0.2893950094161959,0.16306497175144585,7.75,0.44365676892766676
TAPB,bindingdb,seed_5,target,0.2,150.25,51.75,30.0,0.40752296722875,1.0,0.59247703277125,0.23702919020725,0.588512241054614,0.351483050847364,17.25,0.40752296722884956
TAPB,bindingdb,seed_6,drug,0.05,0.0,0.0,0.0,,,,,,,,
TAPB,bindingdb,seed_6,drug,0.1,0.0,0.0,0.0,,,,,,,,
TAPB,bindingdb,seed_6,drug,0.2,0.0,0.0,0.0,,,,,,,,
TAPB,bindingdb,seed_6,target,0.05,0.0,0.0,0.0,,,,,,,,
TAPB,bindingdb,seed_6,target,0.1,0.0,0.0,0.0,,,,,,,,
TAPB,bindingdb,seed_6,target,0.2,0.0,0.0,0.0,,,,,,,,
TAPB,bindingdb,seed_7,drug,0.05,125.75,28.0,6.0,0.28571428571425,1.0,0.7142857142857499,0.06220238095225,0.22590852130325814,0.16370614035100814,4.25,0.2857142857142857
TAPB,bindingdb,seed_7,drug,0.1,125.75,28.0,12.5,0.36770833333325004,1.0,0.63229166666675,0.1708724937345,0.4745848997493734,0.3037124060148734,7.75,0.3677083333333333
TAPB,bindingdb,seed_7,drug,0.2,125.75,28.0,25.0,0.30431905259500003,0.9597222222222221,0.6554031696272222,0.28564379699225,0.9035714285714286,0.6179276315791786,16.5,0.3169469765715228
TAPB,bindingdb,seed_7,target,0.05,125.75,28.0,6.0,0.28571428571425,1.0,0.7142857142857499,0.06220238095225,0.22590852130325814,0.16370614035100814,4.25,0.2857142857142857
TAPB,bindingdb,seed_7,target,0.1,125.75,28.0,12.5,0.36770833333325004,1.0,0.63229166666675,0.1708724937345,0.4745848997493734,0.3037124060148734,7.75,0.3677083333333333
TAPB,bindingdb,seed_7,target,0.2,125.75,28.0,25.0,0.30431905259500003,0.9597222222222221,0.6554031696272222,0.28564379699225,0.9035714285714286,0.6179276315791786,16.5,0.3169469765715228
TAPB,bindingdb,seed_8,drug,0.05,223.0,74.0,11.0,0.36976495726475,1.0,0.63023504273525,0.055486918027,0.14990162371872437,0.09441470569172437,7.0,0.3697649572649573
TAPB,bindingdb,seed_8,drug,0.1,223.0,74.0,22.25,0.38703703703675,1.0,0.61296296296325,0.116509743558,0.30246282190553386,0.18595307834753386,13.5,0.387037037037037
TAPB,bindingdb,seed_8,drug,0.2,223.0,74.0,44.75,0.3950146793135,1.0,0.6049853206865,0.2401418074605,0.6087135225989465,0.3685717151384465,27.0,0.3950146793134598
TAPB,bindingdb,seed_8,target,0.05,223.0,74.0,11.0,0.36976495726475,1.0,0.63023504273525,0.055486918027,0.14990162371872437,0.09441470569172437,7.0,0.3697649572649573
TAPB,bindingdb,seed_8,target,0.1,223.0,74.0,22.25,0.38703703703675,1.0,0.61296296296325,0.116509743558,0.30246282190553386,0.18595307834753386,13.5,0.387037037037037
TAPB,bindingdb,seed_8,target,0.2,223.0,74.0,44.75,0.3950146793135,1.0,0.6049853206865,0.2401418074605,0.6087135225989465,0.3685717151384465,27.0,0.3950146793134598
TAPB,biosnap,seed_4,drug,0.05,174.0,17.25,8.5,0.1930555555555,1.0,0.8069444444445,0.090174485126,0.511207613896401,0.42103312877040105,6.75,0.19305555555555554
TAPB,biosnap,seed_4,drug,0.1,174.0,17.25,17.5,0.19771241830050001,0.9186274509803921,0.7209150326798921,0.20406438527124998,0.9542334096109839,0.750169024339734,12.75,0.213510101010101
TAPB,biosnap,seed_4,drug,0.2,174.0,17.25,34.75,0.18358585858575,0.4885732323232323,0.3049873737374823,0.36977649781575,1.0,0.6302235021842499,10.75,0.36977649781568545
TAPB,biosnap,seed_4,target,0.05,174.0,17.25,8.5,0.1930555555555,1.0,0.8069444444445,0.090174485126,0.511207613896401,0.42103312877040105,6.75,0.19305555555555554
TAPB,biosnap,seed_4,target,0.1,174.0,17.25,17.5,0.19771241830050001,0.9186274509803921,0.7209150326798921,0.20406438527124998,0.9542334096109839,0.750169024339734,12.75,0.213510101010101
TAPB,biosnap,seed_4,target,0.2,174.0,17.25,34.75,0.18358585858575,0.4885732323232323,0.3049873737374823,0.36977649781575,1.0,0.6302235021842499,10.75,0.36977649781568545
TAPB,biosnap,seed_5,drug,0.05,96.75,7.25,4.75,0.175,1.0,0.825,0.108630952381,0.6532738095238095,0.5446428571428095,4.0,0.175
TAPB,biosnap,seed_5,drug,0.1,96.75,7.25,9.75,0.08402777777775,0.7486111111111111,0.6645833333333611,0.108630952381,1.0,0.8913690476189999,6.5,0.10863095238095238
TAPB,biosnap,seed_5,drug,0.2,96.75,7.25,19.25,0.09489734299525,0.3779287439613527,0.2830314009661027,0.24851190476175,1.0,0.75148809523825,5.5,0.24851190476190477
TAPB,biosnap,seed_5,target,0.05,96.75,7.25,4.75,0.175,1.0,0.825,0.108630952381,0.6532738095238095,0.5446428571428095,4.0,0.175
TAPB,biosnap,seed_5,target,0.1,96.75,7.25,9.75,0.08402777777775,0.7486111111111111,0.6645833333333611,0.108630952381,1.0,0.8913690476189999,6.5,0.10863095238095238
TAPB,biosnap,seed_5,target,0.2,96.75,7.25,19.25,0.09489734299525,0.3779287439613527,0.2830314009661027,0.24851190476175,1.0,0.75148809523825,5.5,0.24851190476190477
TAPB,biosnap,seed_6,drug,0.05,100.75,4.75,5.0,0.14166666666675,0.9375,0.79583333333325,0.14166666666675,1.0,0.85833333333325,4.0,0.14166666666666666
TAPB,biosnap,seed_6,drug,0.1,100.75,4.75,10.0,0.07638888888875,0.47127525252525254,0.39488636363650254,0.14166666666675,1.0,0.85833333333325,4.0,0.14166666666666666
TAPB,biosnap,seed_6,drug,0.2,100.75,4.75,20.0,0.060541979950000005,0.23468828320802004,0.17414630325802005,0.24166666666675002,1.0,0.75833333333325,3.5,0.24166666666666667
TAPB,biosnap,seed_6,target,0.05,100.75,4.75,5.0,0.14166666666675,0.9375,0.79583333333325,0.14166666666675,1.0,0.85833333333325,4.0,0.14166666666666666
TAPB,biosnap,seed_6,target,0.1,100.75,4.75,10.0,0.07638888888875,0.47127525252525254,0.39488636363650254,0.14166666666675,1.0,0.85833333333325,4.0,0.14166666666666666
TAPB,biosnap,seed_6,target,0.2,100.75,4.75,20.0,0.060541979950000005,0.23468828320802004,0.17414630325802005,0.24166666666675002,1.0,0.75833333333325,3.5,0.24166666666666667
TAPB,biosnap,seed_7,drug,0.05,199.0,19.0,10.0,0.31919191919175,1.0,0.68080808080825,0.16600783475775,0.556178774928775,0.39017094017102494,6.75,0.3191919191919192
TAPB,biosnap,seed_7,drug,0.1,199.0,19.0,19.75,0.28293460925025,0.8910818713450293,0.6081472620947792,0.28778490028475,0.9537037037037037,0.6659188034189537,12.0,0.3088286713286713
TAPB,biosnap,seed_7,drug,0.2,199.0,19.0,40.0,0.2263310876115,0.4682021907631664,0.24187110315166638,0.4730235042735,1.0,0.5269764957265,9.75,0.47302350427350426
TAPB,biosnap,seed_7,target,0.05,199.0,19.0,10.0,0.31919191919175,1.0,0.68080808080825,0.16600783475775,0.556178774928775,0.39017094017102494,6.75,0.3191919191919192
TAPB,biosnap,seed_7,target,0.1,199.0,19.0,19.75,0.28293460925025,0.8910818713450293,0.6081472620947792,0.28778490028475,0.9537037037037037,0.6659188034189537,12.0,0.3088286713286713
TAPB,biosnap,seed_7,target,0.2,199.0,19.0,40.0,0.2263310876115,0.4682021907631664,0.24187110315166638,0.4730235042735,1.0,0.5269764957265,9.75,0.47302350427350426
TAPB,biosnap,seed_8,drug,0.05,130.75,13.25,6.75,0.25446428571425,1.0,0.7455357142857499,0.13143172616850002,0.5262421788737578,0.3948104527052578,5.0,0.2544642857142857
TAPB,biosnap,seed_8,drug,0.1,130.75,13.25,13.0,0.2031926406925,0.938582251082251,0.735389610389751,0.19620905410375,0.9473684210526316,0.7511593669488816,9.5,0.21375291375291375
TAPB,biosnap,seed_8,drug,0.2,130.75,13.25,26.0,0.1884175084175,0.5023400673400673,0.3139225589225673,0.36959882223025,1.0,0.63040117776975,8.25,0.3695988222304012
TAPB,biosnap,seed_8,target,0.05,130.75,13.25,6.75,0.25446428571425,1.0,0.7455357142857499,0.13143172616850002,0.5262421788737578,0.3948104527052578,5.0,0.2544642857142857
TAPB,biosnap,seed_8,target,0.1,130.75,13.25,13.0,0.2031926406925,0.938582251082251,0.735389610389751,0.19620905410375,0.9473684210526316,0.7511593669488816,9.5,0.21375291375291375
TAPB,biosnap,seed_8,target,0.2,130.75,13.25,26.0,0.1884175084175,0.5023400673400673,0.3139225589225673,0.36959882223025,1.0,0.63040117776975,8.25,0.3695988222304012
TAPB,human,seed_4,drug,0.05,47.75,5.25,2.25,0.5,1.0,0.5,0.2583333333335,0.45714285714285713,0.19880952380935712,1.25,0.5
TAPB,human,seed_4,drug,0.1,47.75,5.25,5.0,0.36666666666675,0.9375,0.57083333333325,0.38571428571425004,0.9226190476190477,0.5369047619047975,3.0,0.4083333333333333
TAPB,human,seed_4,drug,0.2,47.75,5.25,9.5,0.36679292929275,0.5417297979797979,0.174936868687048,0.68214285714275,1.0,0.31785714285725,1.75,0.6821428571428572
TAPB,human,seed_4,target,0.05,47.75,5.25,2.25,0.5,1.0,0.5,0.2583333333335,0.45714285714285713,0.19880952380935712,1.25,0.5
TAPB,human,seed_4,target,0.1,47.75,5.25,5.0,0.36666666666675,0.9375,0.57083333333325,0.38571428571425004,0.9226190476190477,0.5369047619047975,3.0,0.4083333333333333
TAPB,human,seed_4,target,0.2,47.75,5.25,9.5,0.36679292929275,0.5417297979797979,0.174936868687048,0.68214285714275,1.0,0.31785714285725,1.75,0.6821428571428572
TAPB,human,seed_5,drug,0.05,74.0,11.25,3.75,0.3125,1.0,0.6875,0.09411764705875,0.35257352941176473,0.25845588235301475,2.5,0.3125
TAPB,human,seed_5,drug,0.1,74.0,11.25,7.0,0.41964285714274996,1.0,0.58035714285725,0.25698529411775,0.6551470588235294,0.3981617647057794,4.0,0.41964285714285715
TAPB,human,seed_5,drug,0.2,74.0,11.25,15.0,0.34200603318225004,0.7371794871794872,0.39517345399723713,0.4613970588235,1.0,0.5386029411765,6.0,0.46139705882352944
TAPB,human,seed_5,target,0.05,74.0,11.25,3.75,0.3125,1.0,0.6875,0.09411764705875,0.35257352941176473,0.25845588235301475,2.5,0.3125
TAPB,human,seed_5,target,0.1,74.0,11.25,7.0,0.41964285714274996,1.0,0.58035714285725,0.25698529411775,0.6551470588235294,0.3981617647057794,4.0,0.41964285714285715
TAPB,human,seed_5,target,0.2,74.0,11.25,15.0,0.34200603318225004,0.7371794871794872,0.39517345399723713,0.4613970588235,1.0,0.5386029411765,6.0,0.46139705882352944
TAPB,human,seed_6,drug,0.05,61.5,10.5,3.0,0.33333333333325,1.0,0.66666666666675,0.08846153846150001,0.291025641025641,0.202564102564141,2.0,0.3333333333333333
TAPB,human,seed_6,drug,0.1,61.5,10.5,6.25,0.232142857143,1.0,0.767857142857,0.13547008547,0.6012820512820513,0.46581196581205125,4.75,0.23214285714285712
TAPB,human,seed_6,drug,0.2,61.5,10.5,12.25,0.17748917748925,0.8533549783549784,0.6758658008657283,0.20470085470075,1.0,0.79529914529925,8.25,0.2047008547008547
TAPB,human,seed_6,target,0.05,61.5,10.5,3.0,0.33333333333325,1.0,0.66666666666675,0.08846153846150001,0.291025641025641,0.202564102564141,2.0,0.3333333333333333
TAPB,human,seed_6,target,0.1,61.5,10.5,6.25,0.232142857143,1.0,0.767857142857,0.13547008547,0.6012820512820513,0.46581196581205125,4.75,0.23214285714285712
TAPB,human,seed_6,target,0.2,61.5,10.5,12.25,0.17748917748925,0.8533549783549784,0.6758658008657283,0.20470085470075,1.0,0.79529914529925,8.25,0.2047008547008547
TAPB,human,seed_7,drug,0.05,91.0,19.75,4.5,0.2875,1.0,0.7125,0.06429007009525001,0.22779709970112447,0.16350702960587446,3.25,0.2875
TAPB,human,seed_7,drug,0.1,91.0,19.75,9.25,0.26458333333325,1.0,0.73541666666675,0.12398476136875,0.468752094139091,0.344767332770341,6.75,0.26458333333333334
TAPB,human,seed_7,drug,0.2,91.0,19.75,18.25,0.3172600619195,1.0,0.6827399380804999,0.29334030262825,0.9271474139895193,0.6338071113612693,12.5,0.3172600619195046
TAPB,human,seed_7,target,0.05,91.0,19.75,4.5,0.2875,1.0,0.7125,0.06429007009525001,0.22779709970112447,0.16350702960587446,3.25,0.2875
TAPB,human,seed_7,target,0.1,91.0,19.75,9.25,0.26458333333325,1.0,0.73541666666675,0.12398476136875,0.468752094139091,0.344767332770341,6.75,0.26458333333333334
TAPB,human,seed_7,target,0.2,91.0,19.75,18.25,0.3172600619195,1.0,0.6827399380804999,0.29334030262825,0.9271474139895193,0.6338071113612693,12.5,0.3172600619195046
TAPB,human,seed_8,drug,0.05,86.75,20.25,4.5,0.4625,1.0,0.5375,0.103687127025,0.2230747371412333,0.11938761011623329,2.5,0.4625
TAPB,human,seed_8,drug,0.1,86.75,20.25,8.5,0.44097222222225,1.0,0.55902777777775,0.1866297243535,0.424410343847684,0.237780619494184,4.75,0.4409722222222222
TAPB,human,seed_8,drug,0.2,86.75,20.25,17.25,0.4152960526315,1.0,0.5847039473685001,0.352514919011,0.8596902529127592,0.5071753339017593,10.0,0.4152960526315789
TAPB,human,seed_8,target,0.05,86.75,20.25,4.5,0.4625,1.0,0.5375,0.103687127025,0.2230747371412333,0.11938761011623329,2.5,0.4625
TAPB,human,seed_8,target,0.1,86.75,20.25,8.5,0.44097222222225,1.0,0.55902777777775,0.1866297243535,0.424410343847684,0.237780619494184,4.75,0.4409722222222222
TAPB,human,seed_8,target,0.2,86.75,20.25,17.25,0.4152960526315,1.0,0.5847039473685001,0.352514919011,0.8596902529127592,0.5071753339017593,10.0,0.4152960526315789
