model,dataset,test_run,group_axis,review_fraction,delta_error_detection_auroc_vs_uncertainty,delta_error_detection_auprc_vs_uncertainty,delta_review_error_rate_vs_uncertainty,delta_review_lift_vs_uncertainty,delta_review_recall_of_residual_errors_vs_uncertainty,delta_combined_recall_of_candidate_errors_vs_uncertainty,delta_retained_accuracy_after_review_vs_uncertainty,delta_retained_accuracy_gain_vs_residual_vs_uncertainty,delta_deduplicated_error_detection_auroc_vs_uncertainty,delta_deduplicated_error_detection_auprc_vs_uncertainty,delta_deduplicated_review_error_rate_vs_uncertainty,delta_deduplicated_review_lift_vs_uncertainty,delta_deduplicated_review_recall_of_residual_errors_vs_uncertainty,delta_deduplicated_combined_recall_of_candidate_errors_vs_uncertainty,delta_deduplicated_retained_accuracy_after_review_vs_uncertainty,delta_deduplicated_retained_accuracy_gain_vs_residual_vs_uncertainty
DrugBAN,bindingdb,seed_4,drug,0.05,0.061967667497,0.069669628116,0.267361111111,0.724704259861,0.036525974026,0.028571428572,0.014193178375,0.014193178375,,,,,,,,
DrugBAN,bindingdb,seed_4,drug,0.1,0.061967667497,0.069669628116,0.08382936508,0.231296535055,0.02335996067,0.018506493506,0.009421426139,0.009421426139,,,,,,,,
DrugBAN,bindingdb,seed_4,drug,0.2,0.061967667497,0.069669628116,0.053975113982,0.14011818257,0.027959527769,0.02435064935,0.013447595021,0.013447595021,,,,,,,,
DrugBAN,bindingdb,seed_4,drug,0.3,0.061967667497,0.069669628116,0.06209828415,0.163206864537,0.049083221149,0.039935064935,0.026700285976,0.026700285976,,,,,,,,
DrugBAN,bindingdb,seed_4,target,0.05,0.016485586561,0.007468073154,0.05,0.128048780488,0.006097560976,0.004545454546,0.0025,0.0025,,,,,,,,
DrugBAN,bindingdb,seed_4,target,0.1,0.016485586561,0.007468073154,0.039682539682,0.105824505215,0.010624538064,0.008766233766,0.004428341385,0.004428341385,,,,,,,,
DrugBAN,bindingdb,seed_4,target,0.2,0.016485586561,0.007468073154,0.013888888889,0.037668350168,0.007575757576,0.006493506494,0.003496503496,0.003496503496,,,,,,,,
DrugBAN,bindingdb,seed_4,target,0.3,0.016485586561,0.007468073154,0.017857142857,0.047830951794,0.014412416852,0.012012987013,0.007700680272,0.007700680272,,,,,,,,
DrugBAN,bindingdb,seed_5,drug,0.05,0.104362180889,0.168040717182,0.311904761904,1.806534175044,0.091597108565,0.071428571429,0.016638357214,0.016638357214,,,,,,,,
DrugBAN,bindingdb,seed_5,drug,0.1,0.104362180889,0.168040717182,0.126994744386,0.69147368861,0.069417621386,0.053571428572,0.014179609691,0.014179609691,,,,,,,,
DrugBAN,bindingdb,seed_5,drug,0.2,0.104362180889,0.168040717182,0.16051064524,0.931117859856,0.185375068194,0.147321428572,0.039917560367,0.039917560367,,,,,,,,
DrugBAN,bindingdb,seed_5,drug,0.3,0.104362180889,0.168040717182,0.139043750974,0.774870182759,0.233386524822,0.183035714286,0.059894220447,0.059894220447,,,,,,,,
DrugBAN,bindingdb,seed_5,target,0.05,-0.040754229462,-0.033030736195,-0.045833333333,-0.234444899072,-0.011729405346,-0.008928571428,-0.002417062715,-0.002417062715,,,,,,,,
DrugBAN,bindingdb,seed_5,target,0.1,-0.040754229462,-0.033030736195,-0.067287784679,-0.33945415259,-0.034097108565,-0.026785714286,-0.00751039501,-0.00751039501,,,,,,,,
DrugBAN,bindingdb,seed_5,target,0.2,-0.040754229462,-0.033030736195,-0.06309650053,-0.321306418963,-0.063966175668,-0.049107142857,-0.015683865684,-0.015683865684,,,,,,,,
DrugBAN,bindingdb,seed_5,target,0.3,-0.040754229462,-0.033030736195,-0.053179055634,-0.270252247827,-0.081014729951,-0.0625,-0.022762345679,-0.022762345679,,,,,,,,
DrugBAN,bindingdb,seed_6,drug,0.05,0.208882539306,0.34798254754,0.513392857143,4.41600140056,0.223975840336,0.175191815857,0.027436285102,0.027436285102,,,,,,,,
DrugBAN,bindingdb,seed_6,drug,0.1,0.208882539306,0.34798254754,0.388002622378,3.378459285812,0.344108893558,0.262148337596,0.043973844194,0.043973844194,,,,,,,,
DrugBAN,bindingdb,seed_6,drug,0.2,0.208882539306,0.34798254754,0.209624824684,1.813829885215,0.363926820728,0.280690537084,0.052626358461,0.052626358461,,,,,,,,
DrugBAN,bindingdb,seed_6,drug,0.3,0.208882539306,0.34798254754,0.101718627396,0.888869790814,0.264548319328,0.200127877238,0.043110486652,0.043110486652,,,,,,,,
DrugBAN,bindingdb,seed_6,target,0.05,0.0,0.0,0.0,0.0,0.0,0.0,0.0,0.0,,,,,,,,
DrugBAN,bindingdb,seed_6,target,0.1,0.0,0.0,0.0,0.0,0.0,0.0,0.0,0.0,,,,,,,,
DrugBAN,bindingdb,seed_6,target,0.2,0.0,0.0,0.0,0.0,0.0,0.0,0.0,0.0,,,,,,,,
DrugBAN,bindingdb,seed_6,target,0.3,0.0,0.0,0.0,0.0,0.0,0.0,0.0,0.0,,,,,,,,
DrugBAN,bindingdb,seed_7,drug,0.05,0.216843935825,0.392243464588,0.523051948052,2.397403855834,0.122316950036,0.094052122741,0.028133837821,0.028133837821,,,,,,,,
DrugBAN,bindingdb,seed_7,drug,0.1,0.216843935825,0.392243464588,0.561677631579,2.573967220762,0.258179434564,0.200924758302,0.06262706072,0.06262706072,,,,,,,,
DrugBAN,bindingdb,seed_7,drug,0.2,0.216843935825,0.392243464588,0.346797035797,1.578280670281,0.314836981304,0.246532156368,0.086412928547,0.086412928547,,,,,,,,
DrugBAN,bindingdb,seed_7,drug,0.3,0.216843935825,0.392243464588,0.229377329689,1.043919417338,0.31304963846,0.244220260614,0.098245749656,0.098245749656,,,,,,,,
DrugBAN,bindingdb,seed_7,target,0.05,0.0,0.0,0.0,0.0,0.0,0.0,0.0,0.0,,,,,,,,
DrugBAN,bindingdb,seed_7,target,0.1,0.0,0.0,0.0,0.0,0.0,0.0,0.0,0.0,,,,,,,,
DrugBAN,bindingdb,seed_7,target,0.2,0.0,0.0,0.0,0.0,0.0,0.0,0.0,0.0,,,,,,,,
DrugBAN,bindingdb,seed_7,target,0.3,0.0,0.0,0.0,0.0,0.0,0.0,0.0,0.0,,,,,,,,
DrugBAN,bindingdb,seed_8,drug,0.05,0.198717948718,0.629166666666,,,,,,,,,,,,,,
DrugBAN,bindingdb,seed_8,drug,0.1,0.198717948718,0.629166666666,,,,,,,,,,,,,,
DrugBAN,bindingdb,seed_8,drug,0.2,0.198717948718,0.629166666666,,,,,,,,,,,,,,
DrugBAN,bindingdb,seed_8,drug,0.3,0.198717948718,0.629166666666,,,,,,,,,,,,,,
DrugBAN,bindingdb,seed_8,target,0.05,-0.145833333334,-0.041666666666,,,,,,,,,,,,,,
DrugBAN,bindingdb,seed_8,target,0.1,-0.145833333334,-0.041666666666,,,,,,,,,,,,,,
DrugBAN,bindingdb,seed_8,target,0.2,-0.145833333334,-0.041666666666,,,,,,,,,,,,,,
DrugBAN,bindingdb,seed_8,target,0.3,-0.145833333334,-0.041666666666,,,,,,,,,,,,,,
DrugBAN,biosnap,seed_4,drug,0.05,0.179868666441,0.282186034822,0.296428571428,1.95459040959,0.096178821179,0.065378289473,0.015237939993,0.015237939993,,,,,,,,
DrugBAN,biosnap,seed_4,drug,0.1,0.179868666441,0.282186034822,0.252858252858,1.758985458985,0.176123876124,0.120476973684,0.028226757925,0.028226757925,,,,,,,,
DrugBAN,biosnap,seed_4,drug,0.2,0.179868666441,0.282186034822,0.149179197995,1.057782486937,0.211388611389,0.136101973684,0.037140412184,0.037140412184,,,,,,,,
DrugBAN,biosnap,seed_4,drug,0.3,0.179868666441,0.282186034822,0.101379447893,0.747294147484,0.224375624376,0.146792763158,0.043594731095,0.043594731095,,,,,,,,
DrugBAN,biosnap,seed_4,target,0.05,0.030202743284,0.071118020794,0.063095238095,0.250174825175,0.012737262737,0.010279605263,0.003311789512,0.003311789512,,,,,,,,
DrugBAN,biosnap,seed_4,target,0.1,0.030202743284,0.071118020794,0.012987012987,0.022977022977,0.001373626374,0.002467105263,0.001274671053,0.001274671053,,,,,,,,
DrugBAN,biosnap,seed_4,target,0.2,0.030202743284,0.071118020794,0.023809523809,0.104918890633,0.020604395604,0.018092105263,0.005830753354,0.005830753354,,,,,,,,
DrugBAN,biosnap,seed_4,target,0.3,0.030202743284,0.071118020794,0.016676866585,0.089333096524,0.027097902098,0.0234375,0.00726010101,0.00726010101,,,,,,,,
DrugBAN,biosnap,seed_5,drug,0.05,0.207457247856,0.344920535137,0.489583333333,2.560429847226,0.120919057278,0.09394054878,0.024293289663,0.024293289663,,,,,,,,
DrugBAN,biosnap,seed_5,drug,0.1,0.207457247856,0.344920535137,0.3592760181,1.893518360691,0.191381725104,0.146150914634,0.04042285658,0.04042285658,,,,,,,,
DrugBAN,biosnap,seed_5,drug,0.2,0.207457247856,0.344920535137,0.268274254481,1.425091246098,0.283637592968,0.217416158536,0.066632729538,0.066632729538,,,,,,,,
DrugBAN,biosnap,seed_5,drug,0.3,0.207457247856,0.344920535137,0.186181041181,0.997249743158,0.299345600309,0.228658536586,0.079857036168,0.079857036168,,,,,,,,
DrugBAN,biosnap,seed_5,target,0.05,0.04451306977,0.060080300763,0.272321428571,1.373039517531,0.065162271805,0.052210365854,0.013570099844,0.013570099844,,,,,,,,
DrugBAN,biosnap,seed_5,target,0.1,0.04451306977,0.060080300763,0.027450980392,0.133362168396,0.013438133874,0.008765243902,0.003077792854,0.003077792854,,,,,,,,
DrugBAN,biosnap,seed_5,target,0.2,0.04451306977,0.060080300763,-0.001802507837,-0.012093393189,-0.002535496957,-0.001714939024,-0.00048814112,-0.00048814112,,,,,,,,
DrugBAN,biosnap,seed_5,target,0.3,0.04451306977,0.060080300763,0.022474747475,0.114690003483,0.03448275862,0.027820121951,0.00966206124,0.00966206124,,,,,,,,
DrugBAN,biosnap,seed_6,drug,0.05,0.176352083657,0.219547095426,0.292162698413,1.715266504329,0.085013077201,0.063311688312,0.015214779468,0.015214779468,,,,,,,,
DrugBAN,biosnap,seed_6,drug,0.1,0.176352083657,0.219547095426,0.353134674923,2.01548301737,0.202933351371,0.154761904762,0.039553350813,0.039553350813,,,,,,,,
DrugBAN,biosnap,seed_6,drug,0.2,0.176352083657,0.219547095426,0.247247328473,1.396452590529,0.279074224387,0.218073593074,0.061771004446,0.061771004446,,,,,,,,
DrugBAN,biosnap,seed_6,drug,0.3,0.176352083657,0.219547095426,0.191199008159,1.055935692714,0.316242784993,0.250541125541,0.081739436915,0.081739436915,,,,,,,,
DrugBAN,biosnap,seed_6,target,0.05,0.04190888924,0.058139086661,0.040178571428,0.290482954546,0.014914772727,0.009199134199,0.002196898496,0.002196898496,,,,,,,,
DrugBAN,biosnap,seed_6,target,0.1,0.04190888924,0.058139086661,0.038865546218,0.263703208556,0.026278409091,0.016774891775,0.004296751814,0.004296751814,,,,,,,,
DrugBAN,biosnap,seed_6,target,0.2,0.04190888924,0.058139086661,0.029135338346,0.192733253588,0.03851010101,0.024350649351,0.00727294229,0.00727294229,,,,,,,,
DrugBAN,biosnap,seed_6,target,0.3,0.04190888924,0.058139086661,0.039110275689,0.211957735247,0.063446969697,0.049242424242,0.016707414861,0.016707414861,,,,,,,,
DrugBAN,biosnap,seed_7,drug,0.05,0.209658306408,0.357404162594,0.492857142857,1.738993685248,0.083386018984,0.067682088868,0.024836880905,0.024836880905,,,,,,,,
DrugBAN,biosnap,seed_7,drug,0.1,0.209658306408,0.357404162594,0.440056818182,1.554826856291,0.154872764153,0.126889601466,0.048665897202,0.048665897202,,,,,,,,
DrugBAN,biosnap,seed_7,drug,0.2,0.209658306408,0.357404162594,0.367750783699,1.300551516322,0.258784234697,0.209803023362,0.091362694503,0.091362694503,,,,,,,,
DrugBAN,biosnap,seed_7,drug,0.3,0.209658306408,0.357404162594,0.272444717444,0.970978055714,0.293845437862,0.23934951901,0.118224188989,0.118224188989,,,,,,,,
DrugBAN,biosnap,seed_7,target,0.05,0.103787969396,0.130659614003,0.26130952381,0.916626300468,0.043857511657,0.034699954192,0.013139415397,0.013139415397,,,,,,,,
DrugBAN,biosnap,seed_7,target,0.1,0.103787969396,0.130659614003,0.141856060606,0.497570075574,0.049343405074,0.041456710948,0.01562078422,0.01562078422,,,,,,,,
DrugBAN,biosnap,seed_7,target,0.2,0.103787969396,0.130659614003,0.145376175548,0.511848417528,0.101816118297,0.082913421896,0.036104665723,0.036104665723,,,,,,,,
DrugBAN,biosnap,seed_7,target,0.3,0.103787969396,0.130659614003,0.117495904996,0.418432985751,0.126633255183,0.103183692167,0.050988244268,0.050988244268,,,,,,,,
DrugBAN,biosnap,seed_8,drug,0.05,0.185942447507,0.29850342904,0.225198412698,1.655326903489,0.084702062644,0.057773109244,0.012157011826,0.012157011826,,,,,,,,
DrugBAN,biosnap,seed_8,drug,0.1,0.185942447507,0.29850342904,0.43731617647,3.129979946524,0.313168449198,0.220588235294,0.048550766948,0.048550766948,,,,,,,,
DrugBAN,biosnap,seed_8,drug,0.2,0.185942447507,0.29850342904,0.25754608295,1.847255265742,0.371800993125,0.260504201681,0.064869238091,0.064869238091,,,,,,,,
DrugBAN,biosnap,seed_8,drug,0.3,0.185942447507,0.29850342904,0.111698114108,0.785605529391,0.234959893048,0.170168067227,0.047674267795,0.047674267795,,,,,,,,
DrugBAN,biosnap,seed_8,target,0.05,0.035314803777,0.010479417213,-0.055555555556,-0.345238095238,-0.017857142857,-0.014705882353,-0.00303030303,-0.00303030303,,,,,,,,
DrugBAN,biosnap,seed_8,target,0.1,0.035314803777,0.010479417213,0.085714285714,0.639915966386,0.063502673797,0.039915966387,0.009427941518,0.009427941518,,,,,,,,
DrugBAN,biosnap,seed_8,target,0.2,0.035314803777,0.010479417213,0.030414746544,0.20167873601,0.040584415584,0.029411764706,0.007662162953,0.007662162953,,,,,,,,
DrugBAN,biosnap,seed_8,target,0.3,0.035314803777,0.010479417213,0.00957969655,0.056465482228,0.016949961803,0.013130252101,0.00410149037,0.00410149037,,,,,,,,
DrugBAN,human,seed_4,drug,0.05,0.0,0.0,,,,,,,0.0,0.0,,,,,,
DrugBAN,human,seed_4,drug,0.1,0.0,0.0,,,,,,,0.0,0.0,,,,,,
DrugBAN,human,seed_4,drug,0.2,0.0,0.0,,,,,,,0.0,0.0,,,,,,
DrugBAN,human,seed_4,drug,0.3,0.0,0.0,,,,,,,0.0,0.0,,,,,,
DrugBAN,human,seed_4,target,0.05,0.0,0.0,,,,,,,0.0,0.0,,,,,,
DrugBAN,human,seed_4,target,0.1,0.0,0.0,,,,,,,0.0,0.0,,,,,,
DrugBAN,human,seed_4,target,0.2,0.0,0.0,,,,,,,0.0,0.0,,,,,,
DrugBAN,human,seed_4,target,0.3,0.0,0.0,,,,,,,0.0,0.0,,,,,,
DrugBAN,human,seed_5,drug,0.05,0.0,0.0,0.0,0.0,0.0,0.0,0.0,0.0,0.0,0.0,0.0,0.0,0.0,0.0,0.0,0.0
DrugBAN,human,seed_5,drug,0.1,0.0,0.0,0.0,0.0,0.0,0.0,0.0,0.0,0.0,0.0,0.0,0.0,0.0,0.0,0.0,0.0
DrugBAN,human,seed_5,drug,0.2,0.0,0.0,0.0,0.0,0.0,0.0,0.0,0.0,0.0,0.0,0.0,0.0,0.0,0.0,0.0,0.0
DrugBAN,human,seed_5,drug,0.3,0.0,0.0,0.0,0.0,0.0,0.0,0.0,0.0,0.0,0.0,0.0,0.0,0.0,0.0,0.0,0.0
DrugBAN,human,seed_5,target,0.05,0.0,0.0,0.0,0.0,0.0,0.0,0.0,0.0,0.0,0.0,0.0,0.0,0.0,0.0,0.0,0.0
DrugBAN,human,seed_5,target,0.1,0.0,0.0,0.0,0.0,0.0,0.0,0.0,0.0,0.0,0.0,0.0,0.0,0.0,0.0,0.0,0.0
DrugBAN,human,seed_5,target,0.2,0.0,0.0,0.0,0.0,0.0,0.0,0.0,0.0,0.0,0.0,0.0,0.0,0.0,0.0,0.0,0.0
DrugBAN,human,seed_5,target,0.3,0.0,0.0,0.0,0.0,0.0,0.0,0.0,0.0,0.0,0.0,0.0,0.0,0.0,0.0,0.0,0.0
DrugBAN,human,seed_6,drug,0.05,0.0,0.0,,,,,,,0.0,0.0,,,,,,
DrugBAN,human,seed_6,drug,0.1,0.0,0.0,,,,,,,0.0,0.0,,,,,,
DrugBAN,human,seed_6,drug,0.2,0.0,0.0,,,,,,,0.0,0.0,,,,,,
DrugBAN,human,seed_6,drug,0.3,0.0,0.0,,,,,,,0.0,0.0,,,,,,
DrugBAN,human,seed_6,target,0.05,0.0,0.0,,,,,,,0.0,0.0,,,,,,
DrugBAN,human,seed_6,target,0.1,0.0,0.0,,,,,,,0.0,0.0,,,,,,
DrugBAN,human,seed_6,target,0.2,0.0,0.0,,,,,,,0.0,0.0,,,,,,
DrugBAN,human,seed_6,target,0.3,0.0,0.0,,,,,,,0.0,0.0,,,,,,
DrugBAN,human,seed_7,drug,0.05,0.0,0.0,0.0,0.0,0.0,0.0,0.0,0.0,0.0,0.0,0.0,0.0,0.0,0.0,0.0,0.0
DrugBAN,human,seed_7,drug,0.1,0.0,0.0,0.0,0.0,0.0,0.0,0.0,0.0,0.0,0.0,0.0,0.0,0.0,0.0,0.0,0.0
DrugBAN,human,seed_7,drug,0.2,0.0,0.0,0.0,0.0,0.0,0.0,0.0,0.0,0.0,0.0,0.0,0.0,0.0,0.0,0.0,0.0
DrugBAN,human,seed_7,drug,0.3,0.0,0.0,0.0,0.0,0.0,0.0,0.0,0.0,0.0,0.0,0.0,0.0,0.0,0.0,0.0,0.0
DrugBAN,human,seed_7,target,0.05,0.0,0.0,0.0,0.0,0.0,0.0,0.0,0.0,0.0,0.0,0.0,0.0,0.0,0.0,0.0,0.0
DrugBAN,human,seed_7,target,0.1,0.0,0.0,0.0,0.0,0.0,0.0,0.0,0.0,0.0,0.0,0.0,0.0,0.0,0.0,0.0,0.0
DrugBAN,human,seed_7,target,0.2,0.0,0.0,0.0,0.0,0.0,0.0,0.0,0.0,0.0,0.0,0.0,0.0,0.0,0.0,0.0,0.0
DrugBAN,human,seed_7,target,0.3,0.0,0.0,0.0,0.0,0.0,0.0,0.0,0.0,0.0,0.0,0.0,0.0,0.0,0.0,0.0,0.0
DrugBAN,human,seed_8,drug,0.05,-0.037261904762,-0.031335304859,-0.083333333333,-0.678571428572,-0.035714285714,-0.017857142857,-0.00462962963,-0.00462962963,-0.044817712887,-0.032173006488,-0.125,-0.892857142857,-0.035714285714,-0.017857142857,-0.005208333333,-0.005208333333
DrugBAN,human,seed_8,drug,0.1,-0.037261904762,-0.031335304859,-0.05,-0.6125,-0.0625,-0.025,-0.005681818182,-0.005681818182,-0.044817712887,-0.032173006488,-0.0625,-0.65625,-0.0625,-0.025,-0.006578947368,-0.006578947368
DrugBAN,human,seed_8,drug,0.2,-0.037261904762,-0.031335304859,-0.022727272727,-0.185064935065,-0.035714285714,-0.017857142857,-0.005434782609,-0.005434782609,-0.044817712887,-0.032173006488,0.0,0.0,0.0,0.0,0.0,0.0
DrugBAN,human,seed_8,drug,0.3,-0.037261904762,-0.031335304859,0.001960784314,0.084418767507,0.026785714286,0.007142857143,0.001102941176,0.001102941176,-0.044817712887,-0.032173006488,0.002564102564,0.082875457875,0.026785714286,0.007142857143,0.001477832512,0.001477832512
DrugBAN,human,seed_8,target,0.05,0.040277777778,0.068943931903,0.125,1.53125,0.0625,0.025,0.005319148936,0.005319148936,0.027960526316,0.066212964903,0.125,1.3125,0.0625,0.025,0.00625,0.00625
DrugBAN,human,seed_8,target,0.1,0.040277777778,0.068943931903,0.05,0.6125,0.0625,0.025,0.005681818182,0.005681818182,0.027960526316,0.066212964903,0.0625,0.65625,0.0625,0.025,0.006578947368,0.006578947368
DrugBAN,human,seed_8,target,0.2,0.040277777778,0.068943931903,0.025,0.30625,0.0625,0.025,0.00641025641,0.00641025641,0.027960526316,0.066212964903,0.03125,0.328125,0.0625,0.025,0.007352941176,0.007352941176
DrugBAN,human,seed_8,target,0.3,0.040277777778,0.068943931903,0.016666666667,0.204166666667,0.0625,0.025,0.007352941176,0.007352941176,0.027960526316,0.066212964903,0.019230769231,0.201923076923,0.0625,0.025,0.008620689655,0.008620689655
PACE,bindingdb,seed_4,drug,0.05,0.267815599156,0.206107200848,0.286111111111,1.732513096223,0.089629859388,0.069349593496,0.015606308593,0.015606308593,,,,,,,,
PACE,bindingdb,seed_4,drug,0.1,0.267815599156,0.206107200848,0.257546439628,1.503645968041,0.149293493245,0.118699186992,0.028325890375,0.028325890375,,,,,,,,
PACE,bindingdb,seed_4,drug,0.2,0.267815599156,0.206107200848,0.228846153846,1.365255207404,0.272790874,0.217479674797,0.057147424187,0.057147424187,,,,,,,,
PACE,bindingdb,seed_4,drug,0.3,0.267815599156,0.206107200848,0.169791415481,1.050458551044,0.314726357872,0.244715447154,0.072783492639,0.072783492639,,,,,,,,
PACE,bindingdb,seed_4,target,0.05,0.000267094017,0.010715693714,0.0,0.0,0.0,0.0,0.0,0.0,,,,,,,,
PACE,bindingdb,seed_4,target,0.1,0.000267094017,0.010715693714,-0.03125,-0.204326923077,-0.019230769231,-0.016666666667,-0.003246753247,-0.003246753247,,,,,,,,
PACE,bindingdb,seed_4,target,0.2,0.000267094017,0.010715693714,0.0,0.0,0.0,0.0,0.0,0.0,,,,,,,,
PACE,bindingdb,seed_4,target,0.3,0.000267094017,0.010715693714,-0.009615384616,-0.062869822485,-0.019230769231,-0.016666666667,-0.004237288135,-0.004237288135,,,,,,,,
PACE,bindingdb,seed_5,drug,0.05,0.281971349318,0.516946140326,0.5,8.592045454546,0.529004329004,0.277027027027,0.031001634809,0.031001634809,,,,,,,,
PACE,bindingdb,seed_5,drug,0.1,0.281971349318,0.516946140326,0.258823529412,4.350534759358,0.418722943723,0.207207207207,0.027649995648,0.027649995648,,,,,,,,
PACE,bindingdb,seed_5,drug,0.2,0.281971349318,0.516946140326,0.186204481793,2.366768525592,0.477597402597,0.261261261261,0.04710129906,0.04710129906,,,,,,,,
PACE,bindingdb,seed_5,drug,0.3,0.281971349318,0.516946140326,0.147222222222,1.700353535354,0.507034632035,0.288288288288,0.062555488297,0.062555488297,,,,,,,,
PACE,bindingdb,seed_5,target,0.05,0.0703125,0.194444444444,0.25,4.25,0.25,0.166666666667,0.015625,0.015625,,,,,,,,
PACE,bindingdb,seed_5,target,0.1,0.0703125,0.194444444444,0.083333333333,1.416666666667,0.125,0.083333333333,0.008064516129,0.008064516129,,,,,,,,
PACE,bindingdb,seed_5,target,0.2,0.0703125,0.194444444444,0.035714285714,0.607142857143,0.125,0.083333333333,0.009259259259,0.009259259259,,,,,,,,
PACE,bindingdb,seed_5,target,0.3,0.0703125,0.194444444444,0.025,0.425,0.125,0.083333333333,0.010416666667,0.010416666667,,,,,,,,
PACE,bindingdb,seed_6,drug,0.05,0.182696324144,0.12413105902,0.0,-0.625,-0.041666666666,0.0,-0.001630434783,-0.001630434783,,,,,,,,
PACE,bindingdb,seed_6,drug,0.1,0.182696324144,0.12413105902,0.1,0.8,0.083333333334,0.083333333334,0.011627906976,0.011627906976,,,,,,,,
PACE,bindingdb,seed_6,drug,0.2,0.182696324144,0.12413105902,0.1125,1.05625,0.208333333334,0.166666666667,0.02786377709,0.02786377709,,,,,,,,
PACE,bindingdb,seed_6,drug,0.3,0.182696324144,0.12413105902,0.10989010989,0.975274725274,0.291666666666,0.25,0.046653144016,0.046653144016,,,,,,,,
PACE,bindingdb,seed_6,target,0.05,0.09126984127,0.045052253838,0.0,0.0,0.0,0.0,0.0,0.0,,,,,,,,
PACE,bindingdb,seed_6,target,0.1,0.09126984127,0.045052253838,0.1,0.8,0.083333333334,0.083333333334,0.011627906976,0.011627906976,,,,,,,,
PACE,bindingdb,seed_6,target,0.2,0.09126984127,0.045052253838,0.1,0.8,0.166666666666,0.166666666666,0.026315789474,0.026315789474,,,,,,,,
PACE,bindingdb,seed_6,target,0.3,0.09126984127,0.045052253838,0.071428571428,0.571428571428,0.166666666666,0.166666666666,0.029411764706,0.029411764706,,,,,,,,
PACE,bindingdb,seed_7,drug,0.05,-0.014823717949,-0.106980391268,-0.333333333333,-1.490384615385,-0.069711538462,-0.052631578947,-0.016312997348,-0.016312997348,,,,,,,,
PACE,bindingdb,seed_7,drug,0.1,-0.014823717949,-0.106980391268,-0.238095238095,-1.085622710623,-0.108173076923,-0.078947368421,-0.026378539494,-0.026378539494,,,,,,,,
PACE,bindingdb,seed_7,drug,0.2,-0.014823717949,-0.106980391268,-0.154761904762,-0.694597069597,-0.139423076923,-0.105263157895,-0.038926681784,-0.038926681784,,,,,,,,
PACE,bindingdb,seed_7,drug,0.3,-0.014823717949,-0.106980391268,-0.080555555556,-0.366933760684,-0.108173076923,-0.078947368421,-0.03367248062,-0.03367248062,,,,,,,,
PACE,bindingdb,seed_7,target,0.05,-0.007211538462,-0.023565712696,0.0,0.0,0.0,0.0,0.0,0.0,,,,,,,,
PACE,bindingdb,seed_7,target,0.1,-0.007211538462,-0.023565712696,-0.083333333334,-0.391025641026,-0.038461538462,-0.026315789474,-0.009090909091,-0.009090909091,,,,,,,,
PACE,bindingdb,seed_7,target,0.2,-0.007211538462,-0.023565712696,-0.083333333334,-0.391025641026,-0.076923076923,-0.052631578948,-0.020408163266,-0.020408163266,,,,,,,,
PACE,bindingdb,seed_7,target,0.3,-0.007211538462,-0.023565712696,0.0,0.0,0.0,0.0,0.0,0.0,,,,,,,,
PACE,bindingdb,seed_8,drug,0.05,0.232425239456,0.311138608568,0.1875,3.967905405406,0.236486486486,0.0875,0.012480345912,0.012480345912,,,,,,,,
PACE,bindingdb,seed_8,drug,0.1,0.232425239456,0.311138608568,0.233088235294,3.668440078734,0.337676962677,0.15,0.023908038598,0.023908038598,,,,,,,,
PACE,bindingdb,seed_8,drug,0.2,0.232425239456,0.311138608568,0.158170995671,2.128240903241,0.441280566281,0.21875,0.041288144962,0.041288144962,,,,,,,,
PACE,bindingdb,seed_8,drug,0.3,0.232425239456,0.311138608568,0.155909090909,1.73372001872,0.508365508366,0.26875,0.064992877493,0.064992877493,,,,,,,,
PACE,bindingdb,seed_8,target,0.05,0.09765625,0.223930481284,0.25,4.25,0.25,0.1,0.015625,0.015625,,,,,,,,
PACE,bindingdb,seed_8,target,0.1,0.09765625,0.223930481284,0.166666666667,2.833333333333,0.25,0.1,0.016129032258,0.016129032258,,,,,,,,
PACE,bindingdb,seed_8,target,0.2,0.09765625,0.223930481284,0.071428571428,1.214285714286,0.25,0.1,0.018518518518,0.018518518518,,,,,,,,
PACE,bindingdb,seed_8,target,0.3,0.09765625,0.223930481284,0.05,0.85,0.25,0.1,0.020833333333,0.020833333333,,,,,,,,
PACE,biosnap,seed_4,drug,0.05,0.213386753552,0.285457083453,0.414393939394,3.345659603554,0.167919799499,0.117973856209,0.021856166146,0.021856166146,,,,,,,,
PACE,biosnap,seed_4,drug,0.1,0.213386753552,0.285457083453,0.309401913876,2.468215994532,0.244830827068,0.171568627451,0.034102308436,0.034102308436,,,,,,,,
PACE,biosnap,seed_4,drug,0.2,0.213386753552,0.285457083453,0.236328671329,1.85548497555,0.371240601504,0.267483660131,0.059096787138,0.059096787138,,,,,,,,
PACE,biosnap,seed_4,drug,0.3,0.213386753552,0.285457083453,0.149095977791,1.16358619992,0.349780701754,0.252777777778,0.064092308966,0.064092308966,,,,,,,,
PACE,biosnap,seed_4,target,0.05,0.084817582956,0.081258011068,0.155303030303,1.167791638186,0.05780075188,0.044281045752,0.008076277814,0.008076277814,,,,,,,,
PACE,biosnap,seed_4,target,0.1,0.084817582956,0.081258011068,0.093564593302,0.766532809296,0.075657894737,0.049836601307,0.010257936508,0.010257936508,,,,,,,,
PACE,biosnap,seed_4,target,0.2,0.084817582956,0.081258011068,0.064825174825,0.543484202201,0.109022556391,0.073692810458,0.016260485165,0.016260485165,,,,,,,,
PACE,biosnap,seed_4,target,0.3,0.084817582956,0.081258011068,0.053007922768,0.422090982263,0.126879699248,0.090359477124,0.022787980784,0.022787980784,,,,,,,,
PACE,biosnap,seed_5,drug,0.05,0.275974504254,0.279214158818,0.25744047619,3.636607142857,0.185912698413,0.13038277512,0.013862295664,0.013862295664,,,,,,,,
PACE,biosnap,seed_5,drug,0.1,0.275974504254,0.279214158818,0.302369505495,4.256330128205,0.427182539682,0.306220095694,0.033741506692,0.033741506692,,,,,,,,
PACE,biosnap,seed_5,drug,0.2,0.275974504254,0.279214158818,0.193795787546,2.709798534798,0.540873015873,0.381578947368,0.048358576054,0.048358576054,,,,,,,,
PACE,biosnap,seed_5,drug,0.3,0.275974504254,0.279214158818,0.139652988855,1.919110942249,0.57380952381,0.398325358852,0.059542821787,0.059542821787,,,,,,,,
PACE,biosnap,seed_5,target,0.05,0.106787074572,0.184173100852,0.267857142857,3.898511904762,0.199305555556,0.13995215311,0.014427771855,0.014427771855,,,,,,,,
PACE,biosnap,seed_5,target,0.1,0.106787074572,0.184173100852,0.194597069597,2.830677655678,0.283333333333,0.198564593301,0.021641995084,0.021641995084,,,,,,,,
PACE,biosnap,seed_5,target,0.2,0.106787074572,0.184173100852,0.12396978022,1.795529990842,0.357638888889,0.247607655502,0.030833123137,0.030833123137,,,,,,,,
PACE,biosnap,seed_5,target,0.3,0.106787074572,0.184173100852,0.049702380952,0.716071428572,0.214583333333,0.143540669856,0.021265232207,0.021265232207,,,,,,,,
PACE,biosnap,seed_6,drug,0.05,0.151803735559,0.167132073759,0.21626984127,2.775854161271,0.135975135975,0.090062111801,0.011113375804,0.011113375804,,,,,,,,
PACE,biosnap,seed_6,drug,0.1,0.151803735559,0.167132073759,0.100135448916,1.231676057431,0.125582750583,0.090062111801,0.011366089703,0.011366089703,,,,,,,,
PACE,biosnap,seed_6,drug,0.2,0.151803735559,0.167132073759,0.048648931714,0.683090207284,0.135975135975,0.086180124224,0.012087510443,0.012087510443,,,,,,,,
PACE,biosnap,seed_6,drug,0.3,0.151803735559,0.167132073759,0.042007345491,0.574940139156,0.172591297591,0.114906832298,0.01802140955,0.01802140955,,,,,,,,
PACE,biosnap,seed_6,target,0.05,0.01974268636,0.011811585686,0.0,0.0,0.0,0.0,0.0,0.0,,,,,,,,
PACE,biosnap,seed_6,target,0.1,0.01974268636,0.011811585686,-0.00469924812,-0.141081871345,-0.013888888889,-0.00698757764,-0.000496031746,-0.000496031746,,,,,,,,
PACE,biosnap,seed_6,target,0.2,0.01974268636,0.011811585686,-0.008928571428,-0.138888888889,-0.027777777778,-0.017857142857,-0.002232142857,-0.002232142857,,,,,,,,
PACE,biosnap,seed_6,target,0.3,0.01974268636,0.011811585686,-0.004464285714,-0.046378968254,-0.013888888889,-0.010869565218,-0.001908396946,-0.001908396946,,,,,,,,
PACE,biosnap,seed_7,drug,0.05,0.021290286366,-0.010969098935,0.129464285714,1.822802197802,0.088942307692,0.066666666667,0.00665030388,0.00665030388,,,,,,,,
PACE,biosnap,seed_7,drug,0.1,0.021290286366,-0.010969098935,0.052941849817,1.129693223443,0.112980769231,0.05,0.005807906495,0.005807906495,,,,,,,,
PACE,biosnap,seed_7,drug,0.2,0.021290286366,-0.010969098935,0.023772204807,0.346226689977,0.069711538462,0.05,0.00600132626,0.00600132626,,,,,,,,
PACE,biosnap,seed_7,drug,0.3,0.021290286366,-0.010969098935,0.000942684766,0.107230392157,0.03125,0.0,0.000339167006,0.000339167006,,,,,,,,
PACE,biosnap,seed_7,target,0.05,0.0,0.0,0.0,0.0,0.0,0.0,0.0,0.0,,,,,,,,
PACE,biosnap,seed_7,target,0.1,0.0,0.0,0.0,0.0,0.0,0.0,0.0,0.0,,,,,,,,
PACE,biosnap,seed_7,target,0.2,0.0,0.0,0.0,0.0,0.0,0.0,0.0,0.0,,,,,,,,
PACE,biosnap,seed_7,target,0.3,0.0,0.0,0.0,0.0,0.0,0.0,0.0,0.0,,,,,,,,
PACE,biosnap,seed_8,drug,0.05,0.198150548616,0.231859987981,0.279761904762,3.347152847153,0.171416083916,0.1125,0.015053910819,0.015053910819,,,,,,,,
PACE,biosnap,seed_8,drug,0.1,0.198150548616,0.231859987981,0.243849206349,3.124263236763,0.313286713287,0.200625,0.027178116414,0.027178116414,,,,,,,,
PACE,biosnap,seed_8,drug,0.2,0.198150548616,0.231859987981,0.163657407407,2.065675990676,0.411013986014,0.2675,0.040675280814,0.040675280814,,,,,,,,
PACE,biosnap,seed_8,drug,0.3,0.198150548616,0.231859987981,0.106219806763,1.294503141786,0.388286713287,0.25625,0.045510592519,0.045510592519,,,,,,,,
PACE,biosnap,seed_8,target,0.05,0.116540054803,0.100715980544,0.189484126984,2.327922077922,0.120454545454,0.0825,0.01030244883,0.01030244883,,,,,,,,
PACE,biosnap,seed_8,target,0.1,0.116540054803,0.100715980544,0.131349206349,1.664123376623,0.168181818182,0.11375,0.014759219415,0.014759219415,,,,,,,,
PACE,biosnap,seed_8,target,0.2,0.116540054803,0.100715980544,0.118518518518,1.55606060606,0.309090909091,0.2075,0.029390558591,0.029390558591,,,,,,,,
PACE,biosnap,seed_8,target,0.3,0.116540054803,0.100715980544,0.079951690821,0.962994071146,0.288636363636,0.200625,0.034223530524,0.034223530524,,,,,,,,
PACE,human,seed_4,drug,0.05,-0.025701001507,-0.006325058157,0.0,-0.049388111888,-0.003496503496,-0.000657894737,-0.000150966183,-0.000150966183,-0.028878528878,-0.0207673901,0.0,0.0,0.0,0.0,0.0,0.0
PACE,human,seed_4,drug,0.1,-0.025701001507,-0.006325058157,0.03125,0.182692307692,0.019230769231,0.0125,0.003676470588,0.003676470588,-0.028878528878,-0.0207673901,0.0,0.0,0.0,0.0,0.0,0.0
PACE,human,seed_4,drug,0.2,-0.025701001507,-0.006325058157,-0.016666666667,-0.097435897436,-0.019230769231,-0.0125,-0.004098360656,-0.004098360656,-0.028878528878,-0.0207673901,-0.019230769231,-0.099112426036,-0.019230769231,-0.0125,-0.00462962963,-0.00462962963
PACE,human,seed_4,drug,0.3,-0.025701001507,-0.006325058157,0.000494071146,0.011868072639,0.003496503496,0.000657894737,0.000184979652,0.000184979652,-0.028878528878,-0.0207673901,0.0,0.009440559441,0.003496503496,0.000657894737,0.000236406619,0.000236406619
PACE,human,seed_4,target,0.05,-0.065156098754,-0.05126890967,0.0,-0.102272727273,-0.008021390374,-0.000657894737,-0.000536768653,-0.000536768653,-0.072432891899,-0.075916373908,-0.083333333333,-0.429487179487,-0.019230769231,-0.0125,-0.00390625,-0.00390625
PACE,human,seed_4,target,0.1,-0.065156098754,-0.05126890967,-0.0625,-0.33342760181,-0.033936651584,-0.025657894737,-0.007054848967,-0.007054848967,-0.072432891899,-0.075916373908,0.0,-0.028603749192,-0.004524886878,0.0,-0.000435323383,-0.000435323383
PACE,human,seed_4,target,0.2,-0.065156098754,-0.05126890967,-0.048039215686,-0.281571369807,-0.056663924311,-0.038157894737,-0.012085176072,-0.012085176072,-0.072432891899,-0.075916373908,-0.074358974359,-0.398934172916,-0.079391197038,-0.051315789474,-0.018482302381,-0.018482302381
PACE,human,seed_4,target,0.3,-0.065156098754,-0.05126890967,-0.009615384616,-0.048076923077,-0.014705882353,-0.0125,-0.004237288135,-0.004237288135,-0.072432891899,-0.075916373908,-0.011363636364,-0.049465240642,-0.014705882353,-0.0125,-0.004807692308,-0.004807692308
PACE,human,seed_5,drug,0.05,-0.050641025641,-0.039687304286,-0.0625,-0.401041666667,-0.020833333333,-0.0125,-0.003424657534,-0.003424657534,-0.059523809524,-0.047959264206,-0.083333333333,-0.472222222222,-0.020833333333,-0.0125,-0.003846153846,-0.003846153846
PACE,human,seed_5,drug,0.1,-0.050641025641,-0.039687304286,0.0,0.0,0.0,0.0,0.0,0.0,-0.059523809524,-0.047959264206,-0.035714285714,-0.202380952381,-0.020833333333,-0.0125,-0.004098360656,-0.004098360656
PACE,human,seed_5,drug,0.2,-0.050641025641,-0.039687304286,-0.016666666667,-0.106944444444,-0.020833333333,-0.0125,-0.004032258065,-0.004032258065,-0.059523809524,-0.047959264206,-0.017857142857,-0.10119047619,-0.020833333333,-0.0125,-0.00462962963,-0.00462962963
PACE,human,seed_5,drug,0.3,-0.050641025641,-0.039687304286,-0.010869565218,-0.069746376812,-0.020833333333,-0.0125,-0.00462962963,-0.00462962963,-0.059523809524,-0.047959264206,-0.0375,-0.2125,-0.0625,-0.0375,-0.015625,-0.015625
PACE,human,seed_5,target,0.05,-0.064707475623,-0.001166912458,-0.0625,-0.358333333333,-0.016666666667,-0.0125,-0.003048780488,-0.003048780488,-0.075994096409,-0.033136224162,0.104166666667,0.627777777778,0.025,0.0125,0.00422008547,0.00422008547
PACE,human,seed_5,target,0.1,-0.064707475623,-0.001166912458,0.0,0.0,0.0,0.0,0.0,0.0,-0.075994096409,-0.033136224162,0.0,0.0,0.0,0.0,0.0,0.0
PACE,human,seed_5,target,0.2,-0.064707475623,-0.001166912458,0.016666666667,0.106944444444,0.020833333333,0.0125,0.004032258065,0.004032258065,-0.075994096409,-0.033136224162,0.017857142857,0.10119047619,0.020833333333,0.0125,0.00462962963,0.00462962963
PACE,human,seed_5,target,0.3,-0.064707475623,-0.001166912458,0.030100334448,0.180002787068,0.054166666667,0.0375,0.012962962963,0.012962962963,-0.075994096409,-0.033136224162,-0.014130434783,-0.086594202898,-0.025,-0.0125,-0.005699685535,-0.005699685535
PACE,human,seed_6,drug,0.05,-0.004507211538,-0.005355852669,0.0,0.0,0.0,0.0,0.0,0.0,-0.005698005698,-0.004791401128,0.0,0.0,0.0,0.0,0.0,0.0
PACE,human,seed_6,drug,0.1,-0.004507211538,-0.005355852669,0.0,0.0,0.0,0.0,0.0,0.0,-0.005698005698,-0.004791401128,0.0,0.0,0.0,0.0,0.0,0.0
PACE,human,seed_6,drug,0.2,-0.004507211538,-0.005355852669,0.0,0.0,0.0,0.0,0.0,0.0,-0.005698005698,-0.004791401128,0.0,0.0,0.0,0.0,0.0,0.0
PACE,human,seed_6,drug,0.3,-0.004507211538,-0.005355852669,0.0,0.0,0.0,0.0,0.0,0.0,-0.005698005698,-0.004791401128,0.0,0.0,0.0,0.0,0.0,0.0
PACE,human,seed_6,target,0.05,0.0,0.0,0.0,0.0,0.0,0.0,0.0,0.0,0.0,0.0,0.0,0.0,0.0,0.0,0.0,0.0
PACE,human,seed_6,target,0.1,0.0,0.0,0.0,0.0,0.0,0.0,0.0,0.0,0.0,0.0,0.0,0.0,0.0,0.0,0.0,0.0
PACE,human,seed_6,target,0.2,0.0,0.0,0.0,0.0,0.0,0.0,0.0,0.0,0.0,0.0,0.0,0.0,0.0,0.0,0.0,0.0
PACE,human,seed_6,target,0.3,0.0,0.0,0.0,0.0,0.0,0.0,0.0,0.0,0.0,0.0,0.0,0.0,0.0,0.0,0.0,0.0
PACE,human,seed_7,drug,0.05,0.0,0.0,0.0,0.0,0.0,0.0,0.0,0.0,0.0,0.0,0.0,0.0,0.0,0.0,0.0,0.0
PACE,human,seed_7,drug,0.1,0.0,0.0,0.0,0.0,0.0,0.0,0.0,0.0,0.0,0.0,0.0,0.0,0.0,0.0,0.0,0.0
PACE,human,seed_7,drug,0.2,0.0,0.0,0.0,0.0,0.0,0.0,0.0,0.0,0.0,0.0,0.0,0.0,0.0,0.0,0.0,0.0
PACE,human,seed_7,drug,0.3,0.0,0.0,0.0,0.0,0.0,0.0,0.0,0.0,0.0,0.0,0.0,0.0,0.0,0.0,0.0,0.0
PACE,human,seed_7,target,0.05,-0.103901228191,-0.101397127906,-0.0625,-0.4375,-0.022727272727,-0.017857142857,-0.003424657534,-0.003424657534,-0.118640104751,-0.158409150645,-0.25,-1.568181818182,-0.073232323232,-0.051339285714,-0.012231182796,-0.012231182796
PACE,human,seed_7,target,0.1,-0.103901228191,-0.101397127906,-0.165178571428,-1.235615079365,-0.123737373737,-0.084821428571,-0.018445322793,-0.018445322793,-0.118640104751,-0.158409150645,-0.208333333334,-1.276515151515,-0.118686868687,-0.087053571428,-0.021335117454,-0.021335117454
PACE,human,seed_7,target,0.2,-0.103901228191,-0.101397127906,-0.083333333333,-0.583333333333,-0.113636363636,-0.089285714286,-0.020161290322,-0.020161290322,-0.118640104751,-0.158409150645,-0.096153846154,-0.568181818182,-0.113636363636,-0.089285714286,-0.024038461538,-0.024038461538
PACE,human,seed_7,target,0.3,-0.103901228191,-0.101397127906,-0.077075098814,-0.564778216952,-0.169191919192,-0.120535714286,-0.032952069717,-0.032952069717,-0.118640104751,-0.158409150645,-0.101315789474,-0.627392344498,-0.191919191919,-0.138392857143,-0.044696969697,-0.044696969697
PACE,human,seed_8,drug,0.05,0.0,0.0,0.0,0.0,0.0,0.0,0.0,0.0,0.0,0.0,0.0,0.0,0.0,0.0,0.0,0.0
PACE,human,seed_8,drug,0.1,0.0,0.0,0.0,0.0,0.0,0.0,0.0,0.0,0.0,0.0,0.0,0.0,0.0,0.0,0.0,0.0
PACE,human,seed_8,drug,0.2,0.0,0.0,0.0,0.0,0.0,0.0,0.0,0.0,0.0,0.0,0.0,0.0,0.0,0.0,0.0,0.0
PACE,human,seed_8,drug,0.3,0.0,0.0,0.0,0.0,0.0,0.0,0.0,0.0,0.0,0.0,0.0,0.0,0.0,0.0,0.0,0.0
PACE,human,seed_8,target,0.05,-0.038786841013,-0.009416288298,0.0625,0.442708333333,0.020833333333,0.014705882353,0.003086419753,0.003086419753,-0.034991306508,-0.009309001067,0.0625,0.380208333333,0.020833333333,0.014705882353,0.003623188406,0.003623188406
PACE,human,seed_8,target,0.1,-0.038786841013,-0.009416288298,0.0,0.0,0.0,0.0,0.0,0.0,-0.034991306508,-0.009309001067,0.0,0.0,0.0,0.0,0.0,0.0
PACE,human,seed_8,target,0.2,-0.038786841013,-0.009416288298,0.0,0.0,0.0,0.0,0.0,0.0,-0.034991306508,-0.009309001067,0.0,0.0,0.0,0.0,0.0,0.0
PACE,human,seed_8,target,0.3,-0.038786841013,-0.009416288298,0.0,0.0,0.0,0.0,0.0,0.0,-0.034991306508,-0.009309001067,0.0,0.0,0.0,0.0,0.0,0.0
TAPB,bindingdb,seed_4,drug,0.05,,,,,,,,,,,,,,,,
TAPB,bindingdb,seed_4,drug,0.1,,,,,,,,,,,,,,,,
TAPB,bindingdb,seed_4,drug,0.2,,,,,,,,,,,,,,,,
TAPB,bindingdb,seed_4,drug,0.3,,,,,,,,,,,,,,,,
TAPB,bindingdb,seed_4,target,0.05,,,,,,,,,,,,,,,,
TAPB,bindingdb,seed_4,target,0.1,,,,,,,,,,,,,,,,
TAPB,bindingdb,seed_4,target,0.2,,,,,,,,,,,,,,,,
TAPB,bindingdb,seed_4,target,0.3,,,,,,,,,,,,,,,,
TAPB,bindingdb,seed_5,drug,0.05,0.133784441372,0.125531215268,0.186111111111,0.594520951036,0.02993173258,0.024048913044,0.009865927664,0.009865927664,,,,,,,,
TAPB,bindingdb,seed_5,drug,0.1,0.133784441372,0.125531215268,0.268048128342,0.826746559564,0.080696798494,0.066032608696,0.029000142735,0.029000142735,,,,,,,,
TAPB,bindingdb,seed_5,drug,0.2,0.133784441372,0.125531215268,0.221530234471,0.671640575554,0.133757062147,0.10964673913,0.055093627672,0.055093627672,,,,,,,,
TAPB,bindingdb,seed_5,drug,0.3,0.133784441372,0.125531215268,0.143399212705,0.431191356865,0.129661016949,0.105027173913,0.061668017487,0.061668017487,,,,,,,,
TAPB,bindingdb,seed_5,target,0.05,0.053014705882,0.060931058804,0.125,0.390625,0.01875,0.016304347826,0.006302521008,0.006302521008,,,,,,,,
TAPB,bindingdb,seed_5,target,0.1,0.053014705882,0.060931058804,0.125,0.390625,0.0375,0.032608695652,0.013274336283,0.013274336283,,,,,,,,
TAPB,bindingdb,seed_5,target,0.2,0.053014705882,0.060931058804,0.09,0.28125,0.05625,0.048913043478,0.0225,0.0225,,,,,,,,
TAPB,bindingdb,seed_5,target,0.3,0.053014705882,0.060931058804,0.059210526316,0.185032894737,0.05625,0.048913043478,0.025862068966,0.025862068966,,,,,,,,
TAPB,bindingdb,seed_6,drug,0.05,,,,,,,,,,,,,,,,
TAPB,bindingdb,seed_6,drug,0.1,,,,,,,,,,,,,,,,
TAPB,bindingdb,seed_6,drug,0.2,,,,,,,,,,,,,,,,
TAPB,bindingdb,seed_6,drug,0.3,,,,,,,,,,,,,,,,
TAPB,bindingdb,seed_6,target,0.05,,,,,,,,,,,,,,,,
TAPB,bindingdb,seed_6,target,0.1,,,,,,,,,,,,,,,,
TAPB,bindingdb,seed_6,target,0.2,,,,,,,,,,,,,,,,
TAPB,bindingdb,seed_6,target,0.3,,,,,,,,,,,,,,,,
TAPB,bindingdb,seed_7,drug,0.05,0.189415794674,0.245234981383,0.23125,1.302478853384,0.062304197995,0.045,0.011623898407,0.011623898407,,,,,,,,
TAPB,bindingdb,seed_7,drug,0.1,0.189415794674,0.245234981383,0.192708333333,1.078418703007,0.106712092732,0.075,0.021168363432,0.021168363432,,,,,,,,
TAPB,bindingdb,seed_7,drug,0.2,0.189415794674,0.245234981383,0.258520550331,1.254691686112,0.248652882206,0.18,0.063930818504,0.063930818504,,,,,,,,
TAPB,bindingdb,seed_7,drug,0.3,0.189415794674,0.245234981383,0.2252479092,1.05990126526,0.320230263158,0.235,0.097536898001,0.097536898001,,,,,,,,
TAPB,bindingdb,seed_7,target,0.05,0.097061513268,0.126847449806,0.154464285714,0.831474892589,0.040664160401,0.03,0.007938163226,0.007938163226,,,,,,,,
TAPB,bindingdb,seed_7,target,0.1,0.097061513268,0.126847449806,0.073958333333,0.394491697995,0.03828320802,0.03,0.007921629316,0.007921629316,,,,,,,,
TAPB,bindingdb,seed_7,target,0.2,0.097061513268,0.126847449806,0.117437304075,0.523729582577,0.103759398496,0.08,0.029056986374,0.029056986374,,,,,,,,
TAPB,bindingdb,seed_7,target,0.3,0.097061513268,0.126847449806,0.091239002932,0.397413622032,0.120426065163,0.095,0.039655451893,0.039655451893,,,,,,,,
TAPB,bindingdb,seed_8,drug,0.05,0.171690126743,0.151099333774,0.317414529915,0.96478184044,0.047724953191,0.037754860123,0.016516962508,0.016516962508,,,,,,,,
TAPB,bindingdb,seed_8,drug,0.1,0.171690126743,0.151099333774,0.207407407407,0.635785699426,0.063330979433,0.048838311996,0.022952826774,0.022952826774,,,,,,,,
TAPB,bindingdb,seed_8,drug,0.2,0.171690126743,0.151099333774,0.205030487805,0.626041065666,0.125358454346,0.098713845424,0.051352810982,0.051352810982,,,,,,,,
TAPB,bindingdb,seed_8,drug,0.3,0.171690126743,0.151099333774,0.113149453727,0.344496536258,0.103279739147,0.081051446183,0.048433423248,0.048433423248,,,,,,,,
TAPB,bindingdb,seed_8,target,0.05,0.126877590456,0.118319187489,0.188247863248,0.573690547767,0.028114289592,0.023204125178,0.009697329262,0.009697329262,,,,,,,,
TAPB,bindingdb,seed_8,target,0.1,0.126877590456,0.118319187489,0.165740740741,0.508274043157,0.050379212054,0.040866524419,0.01824345582,0.01824345582,,,,,,,,
TAPB,bindingdb,seed_8,target,0.2,0.126877590456,0.118319187489,0.159044715447,0.487978789617,0.097500763514,0.079480796586,0.039728658577,0.039728658577,,,,,,,,
TAPB,bindingdb,seed_8,target,0.3,0.126877590456,0.118319187489,0.098695976155,0.303239886984,0.091053310258,0.07393907065,0.042340847291,0.042340847291,,,,,,,,
TAPB,biosnap,seed_4,drug,0.05,0.256815536499,0.223191657177,0.327976190476,3.537685563031,0.171514198044,0.118055555556,0.01678181773,0.01678181773,,,,,,,,
TAPB,biosnap,seed_4,drug,0.1,0.256815536499,0.223191657177,0.23660130719,2.375390854976,0.238961410443,0.176851851852,0.02643179856,0.02643179856,,,,,,,,
TAPB,biosnap,seed_4,drug,0.2,0.256815536499,0.223191657177,0.119255050505,1.219514582322,0.243775353651,0.176851851852,0.029748423258,0.029748423258,,,,,,,,
TAPB,biosnap,seed_4,drug,0.3,0.256815536499,0.223191657177,0.08583595518,0.904964849187,0.27125806116,0.192592592592,0.036800691035,0.036800691035,,,,,,,,
TAPB,biosnap,seed_4,target,0.05,0.078967559285,0.017367015618,0.063492063492,0.742215386952,0.035885167464,0.021759259259,0.003243637881,0.003243637881,,,,,,,,
TAPB,biosnap,seed_4,target,0.1,0.078967559285,0.017367015618,0.013888888889,0.130847953216,0.013157894737,0.009259259259,0.001552795031,0.001552795031,,,,,,,,
TAPB,biosnap,seed_4,target,0.2,0.078967559285,0.017367015618,0.001388888889,0.046697235513,0.00956937799,0.003240740741,0.000370392319,0.000370392319,,,,,,,,
TAPB,biosnap,seed_4,target,0.3,0.078967559285,0.017367015618,-0.003577441078,-0.010785687819,-0.003588516747,-0.006018518518,-0.001596153846,-0.001596153846,,,,,,,,
TAPB,biosnap,seed_5,drug,0.05,0.05241828462,0.070590122021,0.020833333333,0.394345238095,0.026785714286,0.014204545454,0.001680179219,0.001680179219,,,,,,,,
TAPB,biosnap,seed_5,drug,0.1,0.05241828462,0.070590122021,0.0625,0.8984375,0.09375,0.068181818182,0.007281553398,0.007281553398,,,,,,,,
TAPB,biosnap,seed_5,drug,0.2,0.05241828462,0.070590122021,0.018719806763,0.290178571428,0.058035714286,0.036931818182,0.004679951691,0.004679951691,,,,,,,,
TAPB,biosnap,seed_5,drug,0.3,0.05241828462,0.070590122021,0.020152505447,0.3037464986,0.089285714286,0.059659090909,0.008377425044,0.008377425044,,,,,,,,
TAPB,biosnap,seed_5,target,0.05,0.00731981982,-0.007249634542,-0.0625,-0.833333333333,-0.041666666667,-0.03125,-0.003289473684,-0.003289473684,,,,,,,,
TAPB,biosnap,seed_5,target,0.1,0.00731981982,-0.007249634542,0.0,0.0,0.0,0.0,0.0,0.0,,,,,,,,
TAPB,biosnap,seed_5,target,0.2,0.00731981982,-0.007249634542,0.015625,0.208333333333,0.041666666667,0.03125,0.00390625,0.00390625,,,,,,,,
TAPB,biosnap,seed_5,target,0.3,0.00731981982,-0.007249634542,0.0,0.0,0.0,0.0,0.0,0.0,,,,,,,,
TAPB,biosnap,seed_6,drug,0.05,0.072727272727,0.052427528612,0.0,0.0,0.0,0.0,0.0,0.0,,,,,,,,
TAPB,biosnap,seed_6,drug,0.1,0.072727272727,0.052427528612,0.027777777778,0.516666666667,0.05,0.05,0.002976190476,0.002976190476,,,,,,,,
TAPB,biosnap,seed_6,drug,0.2,0.072727272727,0.052427528612,0.013157894737,0.244736842105,0.05,0.05,0.003378378378,0.003378378378,,,,,,,,
TAPB,biosnap,seed_6,drug,0.3,0.072727272727,0.052427528612,0.017857142857,0.332142857143,0.1,0.1,0.007692307692,0.007692307692,,,,,,,,
TAPB,biosnap,seed_6,target,0.05,0.052742616034,0.00512696805,0.0,0.0,0.0,0.0,0.0,0.0,,,,,,,,
TAPB,biosnap,seed_6,target,0.1,0.052742616034,0.00512696805,0.0,0.0,0.0,0.0,0.0,0.0,,,,,,,,
TAPB,biosnap,seed_6,target,0.2,0.052742616034,0.00512696805,0.0,0.0,0.0,0.0,0.0,0.0,,,,,,,,
TAPB,biosnap,seed_6,target,0.3,0.052742616034,0.00512696805,0.01,0.273333333333,0.083333333333,0.05,0.004385964912,0.004385964912,,,,,,,,
TAPB,biosnap,seed_7,drug,0.05,0.047234740752,0.08909432627,0.093181818182,0.80678030303,0.040277777778,0.030987394958,0.004901106018,0.004901106018,,,,,,,,
TAPB,biosnap,seed_7,drug,0.1,0.047234740752,0.08909432627,0.075505050505,0.822708818959,0.08198005698,0.050420168068,0.008356731256,0.008356731256,,,,,,,,
TAPB,biosnap,seed_7,drug,0.2,0.047234740752,0.08909432627,0.047964400099,0.466168012204,0.093767806268,0.06512605042,0.012080026455,0.012080026455,,,,,,,,
TAPB,biosnap,seed_7,drug,0.3,0.047234740752,0.08909432627,0.020091626649,0.19787264193,0.059508547008,0.039915966386,0.008646651149,0.008646651149,,,,,,,,
TAPB,biosnap,seed_7,target,0.05,0.001824211795,0.035670032186,0.05,0.556875,0.028125,0.016281512605,0.00265403244,0.00265403244,,,,,,,,
TAPB,biosnap,seed_7,target,0.1,0.001824211795,0.035670032186,0.0125,0.126875,0.0125,0.008928571428,0.001366120218,0.001366120218,,,,,,,,
TAPB,biosnap,seed_7,target,0.2,0.001824211795,0.035670032186,0.000312695435,0.015834115072,0.003125,-0.001575630252,6.9693349e-05,6.9693349e-05,,,,,,,,
TAPB,biosnap,seed_7,target,0.3,0.001824211795,0.035670032186,-0.008408705483,-0.09386129169,-0.028125,-0.016281512605,-0.003598798674,-0.003598798674,,,,,,,,
TAPB,biosnap,seed_8,drug,0.05,0.081584399207,0.161074053586,0.236607142857,2.233516483516,0.116396761134,0.072916666667,0.013020833333,0.013020833333,,,,,,,,
TAPB,biosnap,seed_8,drug,0.1,0.081584399207,0.161074053586,0.085714285714,0.770879120879,0.077935222672,0.052083333333,0.00960668396,0.00960668396,,,,,,,,
TAPB,biosnap,seed_8,drug,0.2,0.081584399207,0.161074053586,0.035185185185,0.325641025641,0.064777327935,0.041666666666,0.008727990286,0.008727990286,,,,,,,,
TAPB,biosnap,seed_8,drug,0.3,0.081584399207,0.161074053586,0.029619565218,0.281668060201,0.084008097166,0.052083333333,0.012611717974,0.012611717974,,,,,,,,
TAPB,biosnap,seed_8,target,0.05,0.053451633252,0.044380321546,0.041666666667,0.4625,0.025,0.016666666667,0.002380952381,0.002380952381,,,,,,,,
TAPB,biosnap,seed_8,target,0.1,0.053451633252,0.044380321546,0.028787878788,0.371212121212,0.036842105263,0.022916666666,0.003175182482,0.003175182482,,,,,,,,
TAPB,biosnap,seed_8,target,0.2,0.053451633252,0.044380321546,0.036363636364,0.326136363636,0.064473684211,0.047916666667,0.008956529748,0.008956529748,,,,,,,,
TAPB,biosnap,seed_8,target,0.3,0.053451633252,0.044380321546,0.026021080369,0.255138339921,0.076315789474,0.054166666666,0.011127237542,0.011127237542,,,,,,,,
TAPB,human,seed_4,drug,0.05,0.0,0.0,0.0,0.0,0.0,0.0,0.0,0.0,0.0,0.0,0.0,0.0,0.0,0.0,0.0,0.0
TAPB,human,seed_4,drug,0.1,0.0,0.0,0.0,0.0,0.0,0.0,0.0,0.0,0.0,0.0,0.0,0.0,0.0,0.0,0.0,0.0
TAPB,human,seed_4,drug,0.2,0.0,0.0,0.0,0.0,0.0,0.0,0.0,0.0,0.0,0.0,0.0,0.0,0.0,0.0,0.0,0.0
TAPB,human,seed_4,drug,0.3,0.0,0.0,0.0,0.0,0.0,0.0,0.0,0.0,0.0,0.0,0.0,0.0,0.0,0.0,0.0,0.0
TAPB,human,seed_4,target,0.05,0.0,0.0,0.0,0.0,0.0,0.0,0.0,0.0,0.0,0.0,0.0,0.0,0.0,0.0,0.0,0.0
TAPB,human,seed_4,target,0.1,0.0,0.0,0.0,0.0,0.0,0.0,0.0,0.0,0.0,0.0,0.0,0.0,0.0,0.0,0.0,0.0
TAPB,human,seed_4,target,0.2,0.0,0.0,0.0,0.0,0.0,0.0,0.0,0.0,0.0,0.0,0.0,0.0,0.0,0.0,0.0,0.0
TAPB,human,seed_4,target,0.3,0.0,0.0,0.0,0.0,0.0,0.0,0.0,0.0,0.0,0.0,0.0,0.0,0.0,0.0,0.0,0.0
TAPB,human,seed_5,drug,0.05,-0.02578125,0.015952180753,0.0625,0.4625,0.025,0.010869565218,0.003571428572,0.003571428572,-0.033173076923,0.007561332121,0.0,0.0,0.0,0.0,0.0,0.0
TAPB,human,seed_5,drug,0.1,-0.02578125,0.015952180753,0.071428571428,0.528571428571,0.05,0.021739130435,0.007462686567,0.007462686567,-0.033173076923,0.007561332121,0.0,0.0,0.0,0.0,0.0,0.0
TAPB,human,seed_5,drug,0.2,-0.02578125,0.015952180753,-0.016666666667,-0.123333333333,-0.025,-0.010869565218,-0.004237288135,-0.004237288135,-0.033173076923,0.007561332121,-0.020833333333,-0.129166666667,-0.025,-0.010869565218,-0.005,-0.005
TAPB,human,seed_5,drug,0.3,-0.02578125,0.015952180753,0.0,0.0,0.0,0.0,0.0,0.0,-0.033173076923,0.007561332121,-0.013157894737,-0.081578947368,-0.025,-0.010869565218,-0.005813953488,-0.005813953488
TAPB,human,seed_5,target,0.05,-0.046052631579,-0.004792774593,0.083333333333,0.677083333333,0.03125,0.016666666667,0.004032258065,0.004032258065,-0.052526595745,-0.007485310188,0.083333333333,0.572916666667,0.03125,0.016666666667,0.004807692308,0.004807692308
TAPB,human,seed_5,target,0.1,-0.046052631579,-0.004792774593,-0.083333333333,-0.677083333333,-0.0625,-0.033333333333,-0.008474576271,-0.008474576271,-0.052526595745,-0.007485310188,-0.083333333333,-0.572916666667,-0.0625,-0.033333333333,-0.010204081633,-0.010204081633
TAPB,human,seed_5,target,0.2,-0.046052631579,-0.004792774593,-0.019230769231,-0.15625,-0.03125,-0.016666666667,-0.004807692308,-0.004807692308,-0.052526595745,-0.007485310188,-0.045454545454,-0.3125,-0.0625,-0.033333333333,-0.011363636364,-0.011363636364
TAPB,human,seed_5,target,0.3,-0.046052631579,-0.004792774593,0.0,0.0,0.0,0.0,0.0,0.0,-0.052526595745,-0.007485310188,-0.015625,-0.107421875,-0.03125,-0.016666666667,-0.00641025641,-0.00641025641
TAPB,human,seed_6,drug,0.05,0.094405594406,0.106618616558,0.083333333333,0.435897435898,0.019230769231,0.016666666667,0.003846153846,0.003846153846,0.090598290598,0.101768765431,0.083333333333,0.371794871795,0.019230769231,0.016666666667,0.004545454546,0.004545454546
TAPB,human,seed_6,drug,0.1,0.094405594406,0.106618616558,0.071428571428,0.373626373626,0.038461538462,0.033333333333,0.008196721312,0.008196721312,0.090598290598,0.101768765431,0.041666666667,0.185897435898,0.019230769231,0.016666666667,0.004807692308,0.004807692308
TAPB,human,seed_6,drug,0.2,0.094405594406,0.106618616558,0.107142857143,0.56043956044,0.115384615384,0.1,0.027777777778,0.027777777778,0.090598290598,0.101768765431,0.104166666667,0.464743589744,0.096153846154,0.083333333333,0.027173913044,0.027173913044
TAPB,human,seed_6,drug,0.3,0.094405594406,0.106618616558,0.075,0.392307692308,0.115384615384,0.1,0.03125,0.03125,0.090598290598,0.101768765431,0.073529411765,0.328054298642,0.096153846154,0.083333333333,0.030487804878,0.030487804878
TAPB,human,seed_6,target,0.05,0.202894042232,0.219427757769,0.333333333334,2.05,0.1,0.071794871795,0.017095265926,0.017095265926,0.201175958188,0.212912210211,0.333333333334,1.716666666667,0.1,0.071794871795,0.0206207483,0.0206207483
TAPB,human,seed_6,target,0.1,0.202894042232,0.219427757769,0.25,1.5375,0.15,0.107692307692,0.027029220779,0.027029220779,0.201175958188,0.212912210211,0.25,1.285,0.125,0.088461538462,0.026942645698,0.026942645698
TAPB,human,seed_6,target,0.2,0.202894042232,0.219427757769,0.166666666666,1.025,0.2,0.14358974359,0.040408163265,0.040408163265,0.201175958188,0.212912210211,0.225,1.16,0.225,0.16282051282,0.054152148664,0.054152148664
TAPB,human,seed_6,target,0.3,0.202894042232,0.219427757769,0.135233918129,0.831505847953,0.25,0.179487179487,0.058139534884,0.058139534884,0.201175958188,0.212912210211,0.161458333333,0.83125,0.25,0.179487179487,0.069444444444,0.069444444444
TAPB,human,seed_7,drug,0.05,-0.050577188796,0.035675087144,0.225,1.047388692319,0.051673300899,0.03717948718,0.011692603748,0.011692603748,-0.092457569362,-0.018557563413,0.25,1.000525210084,0.051673300899,0.03717948718,0.013588917122,0.013588917122
TAPB,human,seed_7,drug,0.1,-0.050577188796,0.035675087144,0.174305555556,0.830716497125,0.082338198437,0.055128205128,0.019219853934,0.019219853934,-0.092457569362,-0.018557563413,0.0,0.0,0.0,0.0,0.0,0.0
TAPB,human,seed_7,drug,0.2,-0.050577188796,0.035675087144,0.011609907121,0.051710157747,0.010651629073,0.010897435898,0.003007518797,0.003007518797,-0.092457569362,-0.018557563413,-0.033333333333,-0.133333333333,-0.026315789474,-0.016666666667,-0.008196721312,-0.008196721312
TAPB,human,seed_7,drug,0.3,-0.050577188796,0.035675087144,0.086016483516,0.406877208373,0.1208536046,0.083974358974,0.036339903704,0.036339903704,-0.092457569362,-0.018557563413,0.032196969697,0.129153934301,0.038515406162,0.028846153846,0.013673890609,0.013673890609
TAPB,human,seed_7,target,0.05,0.004182754183,0.029662367438,0.05,0.22619047619,0.011904761905,0.009615384616,0.002777777778,0.002777777778,-0.002976190476,0.020427485023,0.0625,0.241071428572,0.011904761905,0.009615384616,0.003246753247,0.003246753247
TAPB,human,seed_7,target,0.1,0.004182754183,0.029662367438,0.05,0.22619047619,0.02380952381,0.019230769231,0.005882352941,0.005882352941,-0.002976190476,0.020427485023,0.03125,0.120535714286,0.011904761905,0.009615384616,0.003424657534,0.003424657534
TAPB,human,seed_7,target,0.2,0.004182754183,0.029662367438,0.03947368421,0.178571428572,0.035714285714,0.028846153846,0.009868421053,0.009868421053,-0.002976190476,0.020427485023,0.03125,0.120535714286,0.02380952381,0.019230769231,0.007692307692,0.007692307692
TAPB,human,seed_7,target,0.3,0.004182754183,0.029662367438,0.026785714286,0.121173469388,0.035714285714,0.028846153846,0.011194029851,0.011194029851,-0.002976190476,0.020427485023,0.03125,0.120535714286,0.035714285714,0.028846153846,0.013157894737,0.013157894737
TAPB,human,seed_8,drug,0.05,0.0,0.0,0.0,0.0,0.0,0.0,0.0,0.0,0.0,0.0,0.0,0.0,0.0,0.0,0.0,0.0
TAPB,human,seed_8,drug,0.1,0.0,0.0,0.0,0.0,0.0,0.0,0.0,0.0,0.0,0.0,0.0,0.0,0.0,0.0,0.0,0.0
TAPB,human,seed_8,drug,0.2,0.0,0.0,0.0,0.0,0.0,0.0,0.0,0.0,0.0,0.0,0.0,0.0,0.0,0.0,0.0,0.0
TAPB,human,seed_8,drug,0.3,0.0,0.0,0.0,0.0,0.0,0.0,0.0,0.0,0.0,0.0,0.0,0.0,0.0,0.0,0.0,0.0
TAPB,human,seed_8,target,0.05,0.007512787724,0.048129433409,0.1,0.395652173913,0.021739130435,0.020833333333,0.005813953488,0.005813953488,0.003051106026,0.038555751447,0.1875,0.652173913044,0.032608695652,0.03125,0.009868421053,0.009868421053
TAPB,human,seed_8,target,0.1,0.007512787724,0.048129433409,0.055555555556,0.219806763285,0.021739130435,0.020833333333,0.006097560976,0.006097560976,0.003051106026,0.038555751447,0.03125,0.108695652174,0.010869565218,0.010416666667,0.003472222222,0.003472222222
TAPB,human,seed_8,target,0.2,0.007512787724,0.048129433409,0.041666666667,0.164855072464,0.032608695652,0.03125,0.010273972603,0.010273972603,0.003051106026,0.038555751447,0.046875,0.163043478261,0.032608695652,0.03125,0.01171875,0.01171875
TAPB,human,seed_8,target,0.3,0.007512787724,0.048129433409,0.018518518518,0.073268921095,0.021739130435,0.020833333333,0.0078125,0.0078125,0.003051106026,0.038555751447,0.020833333333,0.072463768116,0.021739130435,0.020833333333,0.008928571428,0.008928571428
