model,dataset,test_run,group_axis,confidence_source,confidence_threshold,uncertainty_reject_fraction,review_fraction,split,scope,score_source,calibration_n,error_count,error_rate,mean_predicted_error_risk,brier_error_risk,ece_error_risk
PACE,biosnap,seed_4,target,base,0.8,0.1,0.2,validation,candidate,raw,1039,190.0,0.182868142445,0.0167877584,0.173900860715,0.166080384045
PACE,biosnap,seed_4,target,base,0.8,0.1,0.2,validation,candidate,calibrated,1039,190.0,0.182868142445,0.179870000137,0.14320950513,0.018549195839
PACE,biosnap,seed_4,target,base,0.8,0.1,0.2,validation,deferred,raw,104,36.0,0.346153846154,0.071218902616,0.300801868516,0.274934943538
PACE,biosnap,seed_4,target,base,0.8,0.1,0.2,validation,deferred,calibrated,104,36.0,0.346153846154,0.277195581036,0.23073407701,0.078738493978
PACE,biosnap,seed_4,target,base,0.8,0.1,0.2,validation,residual,raw,935,154.0,0.164705882353,0.010733385139,0.159785668403,0.153972497214
PACE,biosnap,seed_4,target,base,0.8,0.1,0.2,validation,residual,calibrated,935,154.0,0.164705882353,0.169044480978,0.13347415168,0.011854343425
PACE,biosnap,seed_4,target,base,0.8,0.1,0.2,test,candidate,raw,278,45.0,0.161870503597,0.018710991817,0.153615213795,0.14315951178
PACE,biosnap,seed_4,target,base,0.8,0.1,0.2,test,candidate,calibrated,278,45.0,0.161870503597,0.184136817377,0.129892883176,0.041919922625
PACE,biosnap,seed_4,target,base,0.8,0.1,0.2,test,deferred,raw,28,7.0,0.25,0.075806729319,0.221794081855,0.174193270681
PACE,biosnap,seed_4,target,base,0.8,0.1,0.2,test,deferred,calibrated,28,7.0,0.25,0.276165216479,0.190917243119,0.026165216479
PACE,biosnap,seed_4,target,base,0.8,0.1,0.2,test,residual,raw,250,38.0,0.152,0.012316269217,0.145979180573,0.139683730783
PACE,biosnap,seed_4,target,base,0.8,0.1,0.2,test,residual,calibrated,250,38.0,0.152,0.173829636677,0.123058154862,0.049545458205
PACE,biosnap,seed_4,target,base,0.8,0.2,0.2,validation,candidate,raw,1039,190.0,0.182868142445,0.0167877584,0.173900860715,0.166080384045
PACE,biosnap,seed_4,target,base,0.8,0.2,0.2,validation,candidate,calibrated,1039,190.0,0.182868142445,0.179870000137,0.14320950513,0.018549195839
PACE,biosnap,seed_4,target,base,0.8,0.2,0.2,validation,deferred,raw,208,60.0,0.288461538462,0.055567127965,0.256517139775,0.232894410496
PACE,biosnap,seed_4,target,base,0.8,0.2,0.2,validation,deferred,calibrated,208,60.0,0.288461538462,0.260719909527,0.203842797506,0.032631743365
PACE,biosnap,seed_4,target,base,0.8,0.2,0.2,validation,residual,raw,831,130.0,0.156438026474,0.007081249531,0.153221936474,0.149356776943
PACE,biosnap,seed_4,target,base,0.8,0.2,0.2,validation,residual,calibrated,831,130.0,0.156438026474,0.159633199712,0.128032940974,0.01502432233
PACE,biosnap,seed_4,target,base,0.8,0.2,0.2,test,candidate,raw,278,45.0,0.161870503597,0.018710991817,0.153615213795,0.14315951178
PACE,biosnap,seed_4,target,base,0.8,0.2,0.2,test,candidate,calibrated,278,45.0,0.161870503597,0.184136817377,0.129892883176,0.041919922625
PACE,biosnap,seed_4,target,base,0.8,0.2,0.2,test,deferred,raw,56,17.0,0.303571428571,0.059589903378,0.274395854351,0.243981525193
PACE,biosnap,seed_4,target,base,0.8,0.2,0.2,test,deferred,calibrated,56,17.0,0.303571428571,0.262007153018,0.215667431903,0.041564275553
PACE,biosnap,seed_4,target,base,0.8,0.2,0.2,test,residual,raw,222,28.0,0.126126126126,0.008399194306,0.123148025187,0.11772693182
PACE,biosnap,seed_4,target,base,0.8,0.2,0.2,test,residual,calibrated,222,28.0,0.126126126126,0.164493849828,0.108256060073,0.0420096354
PACE,biosnap,seed_4,target,base,0.9,0.1,0.2,validation,candidate,raw,934,154.0,0.164882226981,0.010492429071,0.160084109835,0.15438979791
PACE,biosnap,seed_4,target,base,0.9,0.1,0.2,validation,candidate,calibrated,934,154.0,0.164882226981,0.169210297195,0.133548479016,0.011882209033
PACE,biosnap,seed_4,target,base,0.9,0.1,0.2,validation,deferred,raw,93,22.0,0.236559139785,0.038893375313,0.218448044194,0.197665764472
PACE,biosnap,seed_4,target,base,0.9,0.1,0.2,validation,deferred,calibrated,93,22.0,0.236559139785,0.248056366557,0.179899278838,0.011497226772
PACE,biosnap,seed_4,target,base,0.9,0.1,0.2,validation,residual,raw,841,132.0,0.156956004756,0.007351777465,0.153630071909,0.149604227291
PACE,biosnap,seed_4,target,base,0.9,0.1,0.2,validation,residual,calibrated,841,132.0,0.156956004756,0.160491290714,0.128422885219,0.014467568759
PACE,biosnap,seed_4,target,base,0.9,0.1,0.2,test,candidate,raw,243,34.0,0.139917695473,0.011142799209,0.135412059633,0.128774896264
PACE,biosnap,seed_4,target,base,0.9,0.1,0.2,test,candidate,calibrated,243,34.0,0.139917695473,0.171397130817,0.116745124153,0.04195173223
PACE,biosnap,seed_4,target,base,0.9,0.1,0.2,test,deferred,raw,24,6.0,0.25,0.039004048892,0.232048076406,0.210995951108
PACE,biosnap,seed_4,target,base,0.9,0.1,0.2,test,deferred,calibrated,24,6.0,0.25,0.242917322324,0.187445483581,0.007082677676
PACE,biosnap,seed_4,target,base,0.9,0.1,0.2,test,residual,raw,219,28.0,0.127853881279,0.008089511572,0.12482181122,0.119764369706
PACE,biosnap,seed_4,target,base,0.9,0.1,0.2,test,residual,calibrated,219,28.0,0.127853881279,0.163559301611,0.108997139558,0.045772998483
PACE,biosnap,seed_4,target,base,0.9,0.2,0.2,validation,candidate,raw,934,154.0,0.164882226981,0.010492429071,0.160084109835,0.15438979791
PACE,biosnap,seed_4,target,base,0.9,0.2,0.2,validation,candidate,calibrated,934,154.0,0.164882226981,0.169210297195,0.133548479016,0.011882209033
PACE,biosnap,seed_4,target,base,0.9,0.2,0.2,validation,deferred,raw,187,48.0,0.256684491979,0.031680044665,0.240776855142,0.225004447314
PACE,biosnap,seed_4,target,base,0.9,0.2,0.2,validation,deferred,calibrated,187,48.0,0.256684491979,0.234455293973,0.191522865045,0.022229198006
PACE,biosnap,seed_4,target,base,0.9,0.2,0.2,validation,residual,raw,747,106.0,0.141900937082,0.00518843427,0.139883917904,0.136712502811
PACE,biosnap,seed_4,target,base,0.9,0.2,0.2,validation,residual,calibrated,747,106.0,0.141900937082,0.152877212326,0.119035480104,0.010976275244
PACE,biosnap,seed_4,target,base,0.9,0.2,0.2,test,candidate,raw,243,34.0,0.139917695473,0.011142799209,0.135412059633,0.128774896264
PACE,biosnap,seed_4,target,base,0.9,0.2,0.2,test,candidate,calibrated,243,34.0,0.139917695473,0.171397130817,0.116745124153,0.04195173223
PACE,biosnap,seed_4,target,base,0.9,0.2,0.2,test,deferred,raw,49,13.0,0.265306122449,0.032108394593,0.249681151259,0.233197727856
PACE,biosnap,seed_4,target,base,0.9,0.2,0.2,test,deferred,calibrated,49,13.0,0.265306122449,0.233121207579,0.196503985336,0.03218491487
PACE,biosnap,seed_4,target,base,0.9,0.2,0.2,test,residual,raw,194,21.0,0.10824742268,0.005847365323,0.106550278759,0.102400057357
PACE,biosnap,seed_4,target,base,0.9,0.2,0.2,test,residual,calibrated,194,21.0,0.10824742268,0.155807028955,0.096599844781,0.047559606274
PACE,biosnap,seed_4,drug,base,0.8,0.1,0.2,validation,candidate,raw,1039,190.0,0.182868142445,0.0167877584,0.173900860715,0.166080384045
PACE,biosnap,seed_4,drug,base,0.8,0.1,0.2,validation,candidate,calibrated,1039,190.0,0.182868142445,0.178911436512,0.142840548319,0.024059411442
PACE,biosnap,seed_4,drug,base,0.8,0.1,0.2,validation,deferred,raw,104,36.0,0.346153846154,0.072615692141,0.299829840324,0.273538154013
PACE,biosnap,seed_4,drug,base,0.8,0.1,0.2,validation,deferred,calibrated,104,36.0,0.346153846154,0.273721553758,0.231228445674,0.072432292396
PACE,biosnap,seed_4,drug,base,0.8,0.1,0.2,validation,residual,raw,935,154.0,0.164705882353,0.010578020315,0.159893787047,0.154127862038
PACE,biosnap,seed_4,drug,base,0.8,0.1,0.2,validation,residual,calibrated,935,154.0,0.164705882353,0.168365712241,0.133009167222,0.01867889848
PACE,biosnap,seed_4,drug,base,0.8,0.1,0.2,test,candidate,raw,278,45.0,0.161870503597,0.018710991817,0.153615213795,0.14315951178
PACE,biosnap,seed_4,drug,base,0.8,0.1,0.2,test,candidate,calibrated,278,45.0,0.161870503597,0.184136817377,0.129892883176,0.041919922625
PACE,biosnap,seed_4,drug,base,0.8,0.1,0.2,test,deferred,raw,28,7.0,0.25,0.075806729319,0.221794081855,0.174193270681
PACE,biosnap,seed_4,drug,base,0.8,0.1,0.2,test,deferred,calibrated,28,7.0,0.25,0.276165216479,0.190917243119,0.026165216479
PACE,biosnap,seed_4,drug,base,0.8,0.1,0.2,test,residual,raw,250,38.0,0.152,0.012316269217,0.145979180573,0.139683730783
PACE,biosnap,seed_4,drug,base,0.8,0.1,0.2,test,residual,calibrated,250,38.0,0.152,0.173829636677,0.123058154862,0.049545458205
PACE,biosnap,seed_4,drug,base,0.8,0.2,0.2,validation,candidate,raw,1039,190.0,0.182868142445,0.0167877584,0.173900860715,0.166080384045
PACE,biosnap,seed_4,drug,base,0.8,0.2,0.2,validation,candidate,calibrated,1039,190.0,0.182868142445,0.178911436512,0.142840548319,0.024059411442
PACE,biosnap,seed_4,drug,base,0.8,0.2,0.2,validation,deferred,raw,208,64.0,0.307692307692,0.056363035263,0.274214413731,0.251329272429
PACE,biosnap,seed_4,drug,base,0.8,0.2,0.2,validation,deferred,calibrated,208,64.0,0.307692307692,0.25892106316,0.214239627987,0.048771244532
PACE,biosnap,seed_4,drug,base,0.8,0.2,0.2,validation,residual,raw,831,126.0,0.151624548736,0.006882033264,0.148792293895,0.144742515472
PACE,biosnap,seed_4,drug,base,0.8,0.2,0.2,validation,residual,calibrated,831,126.0,0.151624548736,0.158884959565,0.124969298534,0.017874018803
PACE,biosnap,seed_4,drug,base,0.8,0.2,0.2,test,candidate,raw,278,45.0,0.161870503597,0.018710991817,0.153615213795,0.14315951178
PACE,biosnap,seed_4,drug,base,0.8,0.2,0.2,test,candidate,calibrated,278,45.0,0.161870503597,0.184136817377,0.129892883176,0.041919922625
PACE,biosnap,seed_4,drug,base,0.8,0.2,0.2,test,deferred,raw,56,17.0,0.303571428571,0.059589903378,0.274395854351,0.243981525193
PACE,biosnap,seed_4,drug,base,0.8,0.2,0.2,test,deferred,calibrated,56,17.0,0.303571428571,0.262007153018,0.215667431903,0.041564275553
PACE,biosnap,seed_4,drug,base,0.8,0.2,0.2,test,residual,raw,222,28.0,0.126126126126,0.008399194306,0.123148025187,0.11772693182
PACE,biosnap,seed_4,drug,base,0.8,0.2,0.2,test,residual,calibrated,222,28.0,0.126126126126,0.164493849828,0.108256060073,0.0420096354
PACE,biosnap,seed_4,drug,base,0.9,0.1,0.2,validation,candidate,raw,934,154.0,0.164882226981,0.010492429071,0.160084109835,0.15438979791
PACE,biosnap,seed_4,drug,base,0.9,0.1,0.2,validation,candidate,calibrated,934,154.0,0.164882226981,0.168324893915,0.133093413341,0.018919978701
PACE,biosnap,seed_4,drug,base,0.9,0.1,0.2,validation,deferred,raw,93,27.0,0.290322580645,0.04047813196,0.268038881727,0.249844448685
PACE,biosnap,seed_4,drug,base,0.9,0.1,0.2,validation,deferred,calibrated,93,27.0,0.290322580645,0.245706106895,0.208400381908,0.04461647375
PACE,biosnap,seed_4,drug,base,0.9,0.1,0.2,validation,residual,raw,841,127.0,0.151010701546,0.007176530892,0.148146186189,0.143834170654
PACE,biosnap,seed_4,drug,base,0.9,0.1,0.2,validation,residual,calibrated,841,127.0,0.151010701546,0.15976787512,0.124765769968,0.016078392447
PACE,biosnap,seed_4,drug,base,0.9,0.1,0.2,test,candidate,raw,243,34.0,0.139917695473,0.011142799209,0.135412059633,0.128774896264
PACE,biosnap,seed_4,drug,base,0.9,0.1,0.2,test,candidate,calibrated,243,34.0,0.139917695473,0.171397130817,0.116745124153,0.04195173223
PACE,biosnap,seed_4,drug,base,0.9,0.1,0.2,test,deferred,raw,24,6.0,0.25,0.039004048892,0.232048076406,0.210995951108
PACE,biosnap,seed_4,drug,base,0.9,0.1,0.2,test,deferred,calibrated,24,6.0,0.25,0.242917322324,0.187445483581,0.007082677676
PACE,biosnap,seed_4,drug,base,0.9,0.1,0.2,test,residual,raw,219,28.0,0.127853881279,0.008089511572,0.12482181122,0.119764369706
PACE,biosnap,seed_4,drug,base,0.9,0.1,0.2,test,residual,calibrated,219,28.0,0.127853881279,0.163559301611,0.108997139558,0.045772998483
PACE,biosnap,seed_4,drug,base,0.9,0.2,0.2,validation,candidate,raw,934,154.0,0.164882226981,0.010492429071,0.160084109835,0.15438979791
PACE,biosnap,seed_4,drug,base,0.9,0.2,0.2,validation,candidate,calibrated,934,154.0,0.164882226981,0.168324893915,0.133093413341,0.018919978701
PACE,biosnap,seed_4,drug,base,0.9,0.2,0.2,validation,deferred,raw,187,47.0,0.251336898396,0.032125235302,0.235468567056,0.219211663094
PACE,biosnap,seed_4,drug,base,0.9,0.2,0.2,validation,deferred,calibrated,187,47.0,0.251336898396,0.233166808081,0.187838561353,0.018170090315
PACE,biosnap,seed_4,drug,base,0.9,0.2,0.2,validation,residual,raw,747,107.0,0.143239625167,0.005076987618,0.141212766461,0.138162637549
PACE,biosnap,seed_4,drug,base,0.9,0.2,0.2,validation,residual,calibrated,747,107.0,0.143239625167,0.152092714599,0.119388804669,0.019107701764
PACE,biosnap,seed_4,drug,base,0.9,0.2,0.2,test,candidate,raw,243,34.0,0.139917695473,0.011142799209,0.135412059633,0.128774896264
PACE,biosnap,seed_4,drug,base,0.9,0.2,0.2,test,candidate,calibrated,243,34.0,0.139917695473,0.171397130817,0.116745124153,0.04195173223
PACE,biosnap,seed_4,drug,base,0.9,0.2,0.2,test,deferred,raw,49,13.0,0.265306122449,0.032108394593,0.249681151259,0.233197727856
PACE,biosnap,seed_4,drug,base,0.9,0.2,0.2,test,deferred,calibrated,49,13.0,0.265306122449,0.233121207579,0.196503985336,0.03218491487
PACE,biosnap,seed_4,drug,base,0.9,0.2,0.2,test,residual,raw,194,21.0,0.10824742268,0.005847365323,0.106550278759,0.102400057357
PACE,biosnap,seed_4,drug,base,0.9,0.2,0.2,test,residual,calibrated,194,21.0,0.10824742268,0.155807028955,0.096599844781,0.047559606274
PACE,biosnap,seed_5,target,base,0.8,0.1,0.2,validation,candidate,raw,688,74.0,0.107558139535,0.023583560249,0.101012456622,0.083974579286
PACE,biosnap,seed_5,target,base,0.8,0.1,0.2,validation,candidate,calibrated,688,74.0,0.107558139535,0.122682885365,0.093482540707,0.019030032652
PACE,biosnap,seed_5,target,base,0.8,0.1,0.2,validation,deferred,raw,69,14.0,0.202898550725,0.079714454516,0.175810240225,0.123184096209
PACE,biosnap,seed_5,target,base,0.8,0.1,0.2,validation,deferred,calibrated,69,14.0,0.202898550725,0.204733303376,0.160756399501,0.040774424151
PACE,biosnap,seed_5,target,base,0.8,0.1,0.2,validation,residual,raw,619,60.0,0.096930533118,0.017326643117,0.092674739226,0.079603890001
PACE,biosnap,seed_5,target,base,0.8,0.1,0.2,validation,residual,calibrated,619,60.0,0.096930533118,0.113536715991,0.08598351606,0.016606182873
PACE,biosnap,seed_5,target,base,0.8,0.1,0.2,test,candidate,raw,176,19.0,0.107954545455,0.025231918666,0.099744092965,0.082722626789
PACE,biosnap,seed_5,target,base,0.8,0.1,0.2,test,candidate,calibrated,176,19.0,0.107954545455,0.124487061915,0.091834920373,0.028778008977
PACE,biosnap,seed_5,target,base,0.8,0.1,0.2,test,deferred,raw,18,5.0,0.277777777778,0.084477961884,0.238367507714,0.193299815894
PACE,biosnap,seed_5,target,base,0.8,0.1,0.2,test,deferred,calibrated,18,5.0,0.277777777778,0.206624626195,0.205940746407,0.071153151582
PACE,biosnap,seed_5,target,base,0.8,0.1,0.2,test,residual,raw,158,14.0,0.088607594937,0.018482369438,0.083951552044,0.070125225498
PACE,biosnap,seed_5,target,base,0.8,0.1,0.2,test,residual,calibrated,158,14.0,0.088607594937,0.115129617883,0.07883552247,0.026522022946
PACE,biosnap,seed_5,target,base,0.8,0.2,0.2,validation,candidate,raw,688,74.0,0.107558139535,0.023583560249,0.101012456622,0.083974579286
PACE,biosnap,seed_5,target,base,0.8,0.2,0.2,validation,candidate,calibrated,688,74.0,0.107558139535,0.122682885365,0.093482540707,0.019030032652
PACE,biosnap,seed_5,target,base,0.8,0.2,0.2,validation,deferred,raw,138,28.0,0.202898550725,0.065092278431,0.180497487189,0.137806272294
PACE,biosnap,seed_5,target,base,0.8,0.2,0.2,validation,deferred,calibrated,138,28.0,0.202898550725,0.189777786645,0.161388589901,0.01312076408
PACE,biosnap,seed_5,target,base,0.8,0.2,0.2,validation,residual,raw,550,46.0,0.083636363636,0.013168645505,0.081068939862,0.070467718131
PACE,biosnap,seed_5,target,base,0.8,0.2,0.2,validation,residual,calibrated,550,46.0,0.083636363636,0.105848164681,0.076444295637,0.022211801044
PACE,biosnap,seed_5,target,base,0.8,0.2,0.2,test,candidate,raw,176,19.0,0.107954545455,0.025231918666,0.099744092965,0.082722626789
PACE,biosnap,seed_5,target,base,0.8,0.2,0.2,test,candidate,calibrated,176,19.0,0.107954545455,0.124487061915,0.091834920373,0.028778008977
PACE,biosnap,seed_5,target,base,0.8,0.2,0.2,test,deferred,raw,35,9.0,0.257142857143,0.070594949379,0.224515143054,0.186547907764
PACE,biosnap,seed_5,target,base,0.8,0.2,0.2,test,deferred,calibrated,35,9.0,0.257142857143,0.193874307715,0.193687095742,0.063268549428
PACE,biosnap,seed_5,target,base,0.8,0.2,0.2,test,residual,raw,141,10.0,0.070921985816,0.013971591893,0.068772555709,0.056950393923
PACE,biosnap,seed_5,target,base,0.8,0.2,0.2,test,residual,calibrated,141,10.0,0.070921985816,0.107263277496,0.066552465494,0.03634129168
PACE,biosnap,seed_5,target,base,0.9,0.1,0.2,validation,candidate,raw,588,55.0,0.093537414966,0.015110493332,0.089912865125,0.078426921634
PACE,biosnap,seed_5,target,base,0.9,0.1,0.2,validation,candidate,calibrated,588,55.0,0.093537414966,0.110061548416,0.083424147949,0.01652413345
PACE,biosnap,seed_5,target,base,0.9,0.1,0.2,validation,deferred,raw,59,12.0,0.203389830508,0.041295595101,0.187501919692,0.162094235408
PACE,biosnap,seed_5,target,base,0.9,0.1,0.2,validation,deferred,calibrated,59,12.0,0.203389830508,0.167085740672,0.162547919491,0.036304089836
PACE,biosnap,seed_5,target,base,0.9,0.1,0.2,validation,residual,raw,529,43.0,0.081285444234,0.012190037747,0.079028641648,0.069095406487
PACE,biosnap,seed_5,target,base,0.9,0.1,0.2,validation,residual,calibrated,529,43.0,0.081285444234,0.103701572342,0.074599379479,0.022416128108
PACE,biosnap,seed_5,target,base,0.9,0.1,0.2,test,candidate,raw,147,11.0,0.074829931973,0.015245384268,0.072263118593,0.059584547705
PACE,biosnap,seed_5,target,base,0.9,0.1,0.2,test,candidate,calibrated,147,11.0,0.074829931973,0.109776781483,0.069537144244,0.03494684951
PACE,biosnap,seed_5,target,base,0.9,0.1,0.2,test,deferred,raw,15,2.0,0.133333333333,0.04099315164,0.123863993051,0.092340181693
PACE,biosnap,seed_5,target,base,0.9,0.1,0.2,test,deferred,calibrated,15,2.0,0.133333333333,0.163402097456,0.116134942932,0.030068764123
PACE,biosnap,seed_5,target,base,0.9,0.1,0.2,test,residual,raw,132,9.0,0.068181818182,0.012319501612,0.066399382859,0.05586231657
PACE,biosnap,seed_5,target,base,0.9,0.1,0.2,test,residual,calibrated,132,9.0,0.068181818182,0.103682995577,0.064241939848,0.035501177395
PACE,biosnap,seed_5,target,base,0.9,0.2,0.2,validation,candidate,raw,588,55.0,0.093537414966,0.015110493332,0.089912865125,0.078426921634
PACE,biosnap,seed_5,target,base,0.9,0.2,0.2,validation,candidate,calibrated,588,55.0,0.093537414966,0.110061548416,0.083424147949,0.01652413345
PACE,biosnap,seed_5,target,base,0.9,0.2,0.2,validation,deferred,raw,118,18.0,0.152542372881,0.035723767691,0.141807584367,0.11681860519
PACE,biosnap,seed_5,target,base,0.9,0.2,0.2,validation,deferred,calibrated,118,18.0,0.152542372881,0.15770635254,0.128259894388,0.005163979659
PACE,biosnap,seed_5,target,base,0.9,0.2,0.2,validation,residual,raw,470,37.0,0.078723404255,0.009935245727,0.076883978167,0.068788158528
PACE,biosnap,seed_5,target,base,0.9,0.2,0.2,validation,residual,calibrated,470,37.0,0.078723404255,0.098099661423,0.072167513737,0.019376257168
PACE,biosnap,seed_5,target,base,0.9,0.2,0.2,test,candidate,raw,147,11.0,0.074829931973,0.015245384268,0.072263118593,0.059584547705
PACE,biosnap,seed_5,target,base,0.9,0.2,0.2,test,candidate,calibrated,147,11.0,0.074829931973,0.109776781483,0.069537144244,0.03494684951
PACE,biosnap,seed_5,target,base,0.9,0.2,0.2,test,deferred,raw,29,3.0,0.103448275862,0.034293451535,0.096946209257,0.069154824327
PACE,biosnap,seed_5,target,base,0.9,0.2,0.2,test,deferred,calibrated,29,3.0,0.103448275862,0.15345916343,0.094393045186,0.050010887568
PACE,biosnap,seed_5,target,base,0.9,0.2,0.2,test,residual,raw,118,8.0,0.067796610169,0.0105640796,0.066196935294,0.057232530569
PACE,biosnap,seed_5,target,base,0.9,0.2,0.2,test,residual,calibrated,118,8.0,0.067796610169,0.099041280835,0.063428490623,0.031244670665
PACE,biosnap,seed_5,drug,base,0.8,0.1,0.2,validation,candidate,raw,688,74.0,0.107558139535,0.023583560249,0.101012456622,0.083974579286
PACE,biosnap,seed_5,drug,base,0.8,0.1,0.2,validation,candidate,calibrated,688,74.0,0.107558139535,0.121639180771,0.093102556722,0.016333825888
PACE,biosnap,seed_5,drug,base,0.8,0.1,0.2,validation,deferred,raw,69,14.0,0.202898550725,0.080672478668,0.175361458652,0.122226072057
PACE,biosnap,seed_5,drug,base,0.8,0.1,0.2,validation,deferred,calibrated,69,14.0,0.202898550725,0.203911780919,0.160268312549,0.023475778604
PACE,biosnap,seed_5,drug,base,0.8,0.1,0.2,validation,residual,raw,619,60.0,0.096930533118,0.017219852057,0.092724764958,0.079710681061
PACE,biosnap,seed_5,drug,base,0.8,0.1,0.2,validation,residual,calibrated,619,60.0,0.096930533118,0.112468244728,0.085615582325,0.015537711611
PACE,biosnap,seed_5,drug,base,0.8,0.1,0.2,test,candidate,raw,176,19.0,0.107954545455,0.025231918666,0.099744092965,0.082722626789
PACE,biosnap,seed_5,drug,base,0.8,0.1,0.2,test,candidate,calibrated,176,19.0,0.107954545455,0.124487061915,0.091834920373,0.028778008977
PACE,biosnap,seed_5,drug,base,0.8,0.1,0.2,test,deferred,raw,18,5.0,0.277777777778,0.084477961884,0.238367507714,0.193299815894
PACE,biosnap,seed_5,drug,base,0.8,0.1,0.2,test,deferred,calibrated,18,5.0,0.277777777778,0.206624626195,0.205940746407,0.071153151582
PACE,biosnap,seed_5,drug,base,0.8,0.1,0.2,test,residual,raw,158,14.0,0.088607594937,0.018482369438,0.083951552044,0.070125225498
PACE,biosnap,seed_5,drug,base,0.8,0.1,0.2,test,residual,calibrated,158,14.0,0.088607594937,0.115129617883,0.07883552247,0.026522022946
PACE,biosnap,seed_5,drug,base,0.8,0.2,0.2,validation,candidate,raw,688,74.0,0.107558139535,0.023583560249,0.101012456622,0.083974579286
PACE,biosnap,seed_5,drug,base,0.8,0.2,0.2,validation,candidate,calibrated,688,74.0,0.107558139535,0.121639180771,0.093102556722,0.016333825888
PACE,biosnap,seed_5,drug,base,0.8,0.2,0.2,validation,deferred,raw,138,26.0,0.188405797101,0.065356446631,0.167108076932,0.12304935047
PACE,biosnap,seed_5,drug,base,0.8,0.2,0.2,validation,deferred,calibrated,138,26.0,0.188405797101,0.189556720403,0.151871601769,0.012382197506
PACE,biosnap,seed_5,drug,base,0.8,0.2,0.2,validation,residual,raw,550,48.0,0.087272727273,0.013102363302,0.084428464617,0.074170363971
PACE,biosnap,seed_5,drug,base,0.8,0.2,0.2,validation,residual,calibrated,550,48.0,0.087272727273,0.104598052645,0.078356869056,0.017325325372
PACE,biosnap,seed_5,drug,base,0.8,0.2,0.2,test,candidate,raw,176,19.0,0.107954545455,0.025231918666,0.099744092965,0.082722626789
PACE,biosnap,seed_5,drug,base,0.8,0.2,0.2,test,candidate,calibrated,176,19.0,0.107954545455,0.124487061915,0.091834920373,0.028778008977
PACE,biosnap,seed_5,drug,base,0.8,0.2,0.2,test,deferred,raw,35,9.0,0.257142857143,0.070594949379,0.224515143054,0.186547907764
PACE,biosnap,seed_5,drug,base,0.8,0.2,0.2,test,deferred,calibrated,35,9.0,0.257142857143,0.193874307715,0.193687095742,0.063268549428
PACE,biosnap,seed_5,drug,base,0.8,0.2,0.2,test,residual,raw,141,10.0,0.070921985816,0.013971591893,0.068772555709,0.056950393923
PACE,biosnap,seed_5,drug,base,0.8,0.2,0.2,test,residual,calibrated,141,10.0,0.070921985816,0.107263277496,0.066552465494,0.03634129168
PACE,biosnap,seed_5,drug,base,0.9,0.1,0.2,validation,candidate,raw,588,55.0,0.093537414966,0.015110493332,0.089912865125,0.078426921634
PACE,biosnap,seed_5,drug,base,0.9,0.1,0.2,validation,candidate,calibrated,588,55.0,0.093537414966,0.108841140926,0.082988993771,0.01530372596
PACE,biosnap,seed_5,drug,base,0.9,0.1,0.2,validation,deferred,raw,59,14.0,0.237288135593,0.041879206847,0.218859129541,0.195408928746
PACE,biosnap,seed_5,drug,base,0.9,0.1,0.2,validation,deferred,calibrated,59,14.0,0.237288135593,0.166432015585,0.18631196748,0.070856120008
PACE,biosnap,seed_5,drug,base,0.9,0.1,0.2,validation,residual,raw,529,41.0,0.077504725898,0.012124946834,0.075531334689,0.065379779064
PACE,biosnap,seed_5,drug,base,0.9,0.1,0.2,validation,residual,calibrated,529,41.0,0.077504725898,0.102417962089,0.071465259463,0.024913236191
PACE,biosnap,seed_5,drug,base,0.9,0.1,0.2,test,candidate,raw,147,11.0,0.074829931973,0.015245384268,0.072263118593,0.059584547705
PACE,biosnap,seed_5,drug,base,0.9,0.1,0.2,test,candidate,calibrated,147,11.0,0.074829931973,0.109776781483,0.069537144244,0.03494684951
PACE,biosnap,seed_5,drug,base,0.9,0.1,0.2,test,deferred,raw,15,2.0,0.133333333333,0.04099315164,0.123863993051,0.092340181693
PACE,biosnap,seed_5,drug,base,0.9,0.1,0.2,test,deferred,calibrated,15,2.0,0.133333333333,0.163402097456,0.116134942932,0.030068764123
PACE,biosnap,seed_5,drug,base,0.9,0.1,0.2,test,residual,raw,132,9.0,0.068181818182,0.012319501612,0.066399382859,0.05586231657
PACE,biosnap,seed_5,drug,base,0.9,0.1,0.2,test,residual,calibrated,132,9.0,0.068181818182,0.103682995577,0.064241939848,0.035501177395
PACE,biosnap,seed_5,drug,base,0.9,0.2,0.2,validation,candidate,raw,588,55.0,0.093537414966,0.015110493332,0.089912865125,0.078426921634
PACE,biosnap,seed_5,drug,base,0.9,0.2,0.2,validation,candidate,calibrated,588,55.0,0.093537414966,0.108841140926,0.082988993771,0.01530372596
PACE,biosnap,seed_5,drug,base,0.9,0.2,0.2,validation,deferred,raw,118,18.0,0.152542372881,0.036012692409,0.141705511383,0.116529680472
PACE,biosnap,seed_5,drug,base,0.9,0.2,0.2,validation,deferred,calibrated,118,18.0,0.152542372881,0.157195177443,0.127868060036,0.004652804562
PACE,biosnap,seed_5,drug,base,0.9,0.2,0.2,validation,residual,raw,470,37.0,0.078723404255,0.009862707181,0.076909605001,0.068860697074
PACE,biosnap,seed_5,drug,base,0.9,0.2,0.2,validation,residual,calibrated,470,37.0,0.078723404255,0.096701191333,0.071721483517,0.018209184535
PACE,biosnap,seed_5,drug,base,0.9,0.2,0.2,test,candidate,raw,147,11.0,0.074829931973,0.015245384268,0.072263118593,0.059584547705
PACE,biosnap,seed_5,drug,base,0.9,0.2,0.2,test,candidate,calibrated,147,11.0,0.074829931973,0.109776781483,0.069537144244,0.03494684951
PACE,biosnap,seed_5,drug,base,0.9,0.2,0.2,test,deferred,raw,29,3.0,0.103448275862,0.034293451535,0.096946209257,0.069154824327
PACE,biosnap,seed_5,drug,base,0.9,0.2,0.2,test,deferred,calibrated,29,3.0,0.103448275862,0.15345916343,0.094393045186,0.050010887568
PACE,biosnap,seed_5,drug,base,0.9,0.2,0.2,test,residual,raw,118,8.0,0.067796610169,0.0105640796,0.066196935294,0.057232530569
PACE,biosnap,seed_5,drug,base,0.9,0.2,0.2,test,residual,calibrated,118,8.0,0.067796610169,0.099041280835,0.063428490623,0.031244670665
PACE,biosnap,seed_6,target,base,0.8,0.1,0.2,validation,candidate,raw,859,104.0,0.121071012806,0.02600800822,0.112268992497,0.095063004585
PACE,biosnap,seed_6,target,base,0.8,0.1,0.2,validation,candidate,calibrated,859,104.0,0.121071012806,0.144150113794,0.101491968942,0.032280539771
PACE,biosnap,seed_6,target,base,0.8,0.1,0.2,validation,deferred,raw,86,22.0,0.255813953488,0.081452953586,0.220632821696,0.174360999903
PACE,biosnap,seed_6,target,base,0.8,0.1,0.2,validation,deferred,calibrated,86,22.0,0.255813953488,0.230075638584,0.190689220563,0.025738314905
PACE,biosnap,seed_6,target,base,0.8,0.1,0.2,validation,residual,raw,773,82.0,0.106080206986,0.019839489072,0.100212990801,0.086240717913
PACE,biosnap,seed_6,target,base,0.8,0.1,0.2,validation,residual,calibrated,773,82.0,0.106080206986,0.134590482317,0.091568341983,0.033008394025
PACE,biosnap,seed_6,target,base,0.8,0.1,0.2,test,candidate,raw,208,23.0,0.110576923077,0.024733070258,0.102621111891,0.085843852819
PACE,biosnap,seed_6,target,base,0.8,0.1,0.2,test,candidate,calibrated,208,23.0,0.110576923077,0.140898720094,0.094057568687,0.03633776138
PACE,biosnap,seed_6,target,base,0.8,0.1,0.2,test,deferred,raw,21,5.0,0.238095238095,0.079488355865,0.206613870763,0.158606882231
PACE,biosnap,seed_6,target,base,0.8,0.1,0.2,test,deferred,calibrated,21,5.0,0.238095238095,0.225258597289,0.18157348707,0.012836640807
PACE,biosnap,seed_6,target,base,0.8,0.1,0.2,test,residual,raw,187,18.0,0.096256684492,0.018584080965,0.09094278068,0.077672603527
PACE,biosnap,seed_6,target,base,0.8,0.1,0.2,test,residual,calibrated,187,18.0,0.096256684492,0.131425150997,0.084229577852,0.038976924652
PACE,biosnap,seed_6,target,base,0.8,0.2,0.2,validation,candidate,raw,859,104.0,0.121071012806,0.02600800822,0.112268992497,0.095063004585
PACE,biosnap,seed_6,target,base,0.8,0.2,0.2,validation,candidate,calibrated,859,104.0,0.121071012806,0.144150113794,0.101491968942,0.032280539771
PACE,biosnap,seed_6,target,base,0.8,0.2,0.2,validation,deferred,raw,172,43.0,0.25,0.069436813321,0.220650512612,0.180563186679
PACE,biosnap,seed_6,target,base,0.8,0.2,0.2,validation,deferred,calibrated,172,43.0,0.25,0.216679563812,0.188847532282,0.033320436188
PACE,biosnap,seed_6,target,base,0.8,0.2,0.2,validation,residual,raw,687,61.0,0.088791848617,0.015135003159,0.085134172323,0.073656845458
PACE,biosnap,seed_6,target,base,0.8,0.2,0.2,validation,residual,calibrated,687,61.0,0.088791848617,0.125991357749,0.079621289329,0.037199509132
PACE,biosnap,seed_6,target,base,0.8,0.2,0.2,test,candidate,raw,208,23.0,0.110576923077,0.024733070258,0.102621111891,0.085843852819
PACE,biosnap,seed_6,target,base,0.8,0.2,0.2,test,candidate,calibrated,208,23.0,0.110576923077,0.140898720094,0.094057568687,0.03633776138
PACE,biosnap,seed_6,target,base,0.8,0.2,0.2,test,deferred,raw,42,10.0,0.238095238095,0.065861732014,0.211031034982,0.172233506081
PACE,biosnap,seed_6,target,base,0.8,0.2,0.2,test,deferred,calibrated,42,10.0,0.238095238095,0.211261273975,0.181991908542,0.026833964121
PACE,biosnap,seed_6,target,base,0.8,0.2,0.2,test,residual,raw,166,13.0,0.078313253012,0.014327023308,0.075192095205,0.063986229704
PACE,biosnap,seed_6,target,base,0.8,0.2,0.2,test,residual,calibrated,166,13.0,0.078313253012,0.12309614622,0.071809121254,0.044782893208
PACE,biosnap,seed_6,target,base,0.9,0.1,0.2,validation,candidate,raw,706,66.0,0.093484419263,0.015936242051,0.089340027869,0.077548177213
PACE,biosnap,seed_6,target,base,0.9,0.1,0.2,validation,candidate,calibrated,706,66.0,0.093484419263,0.12788309027,0.082800713364,0.036090687326
PACE,biosnap,seed_6,target,base,0.9,0.1,0.2,validation,deferred,raw,71,15.0,0.211267605634,0.041416496524,0.195254043161,0.16985110911
PACE,biosnap,seed_6,target,base,0.9,0.1,0.2,validation,deferred,calibrated,71,15.0,0.211267605634,0.185182403342,0.16645710877,0.026085202291
PACE,biosnap,seed_6,target,base,0.9,0.1,0.2,validation,residual,raw,635,51.0,0.08031496063,0.013087268716,0.077497673403,0.067227691914
PACE,biosnap,seed_6,target,base,0.9,0.1,0.2,validation,residual,calibrated,635,51.0,0.08031496063,0.121476395422,0.073447006161,0.041161434792
PACE,biosnap,seed_6,target,base,0.9,0.1,0.2,test,candidate,raw,175,14.0,0.08,0.015957437292,0.076608378752,0.064042562708
PACE,biosnap,seed_6,target,base,0.9,0.1,0.2,test,candidate,calibrated,175,14.0,0.08,0.126523182799,0.073495027673,0.046523182799
PACE,biosnap,seed_6,target,base,0.9,0.1,0.2,test,deferred,raw,18,3.0,0.166666666667,0.043696296106,0.154181850408,0.122970370561
PACE,biosnap,seed_6,target,base,0.9,0.1,0.2,test,deferred,calibrated,18,3.0,0.166666666667,0.186540380212,0.139526384745,0.019873713545
PACE,biosnap,seed_6,target,base,0.9,0.1,0.2,test,residual,raw,157,11.0,0.070063694268,0.012777185963,0.067714604931,0.057286508305
PACE,biosnap,seed_6,target,base,0.9,0.1,0.2,test,residual,calibrated,157,11.0,0.070063694268,0.11964223023,0.065924553614,0.049578535962
PACE,biosnap,seed_6,target,base,0.9,0.2,0.2,validation,candidate,raw,706,66.0,0.093484419263,0.015936242051,0.089340027869,0.077548177213
PACE,biosnap,seed_6,target,base,0.9,0.2,0.2,validation,candidate,calibrated,706,66.0,0.093484419263,0.12788309027,0.082800713364,0.036090687326
PACE,biosnap,seed_6,target,base,0.9,0.2,0.2,validation,deferred,raw,141,32.0,0.22695035461,0.035454745241,0.212486501799,0.191495609369
PACE,biosnap,seed_6,target,base,0.9,0.2,0.2,validation,deferred,calibrated,141,32.0,0.22695035461,0.175181666984,0.178313583082,0.051768687626
PACE,biosnap,seed_6,target,base,0.9,0.2,0.2,validation,residual,raw,565,34.0,0.06017699115,0.011065252759,0.058607898977,0.049111738392
PACE,biosnap,seed_6,target,base,0.9,0.2,0.2,validation,residual,calibrated,565,34.0,0.06017699115,0.116079374665,0.058964758266,0.055902383514
PACE,biosnap,seed_6,target,base,0.9,0.2,0.2,test,candidate,raw,175,14.0,0.08,0.015957437292,0.076608378752,0.064042562708
PACE,biosnap,seed_6,target,base,0.9,0.2,0.2,test,candidate,calibrated,175,14.0,0.08,0.126523182799,0.073495027673,0.046523182799
PACE,biosnap,seed_6,target,base,0.9,0.2,0.2,test,deferred,raw,35,5.0,0.142857142857,0.037330501445,0.133159023388,0.105526641412
PACE,biosnap,seed_6,target,base,0.9,0.2,0.2,test,deferred,calibrated,35,5.0,0.142857142857,0.176605274189,0.122888783698,0.033748131332
PACE,biosnap,seed_6,target,base,0.9,0.2,0.2,test,residual,raw,140,9.0,0.064285714286,0.010614171253,0.062470717593,0.053671543032
PACE,biosnap,seed_6,target,base,0.9,0.2,0.2,test,residual,calibrated,140,9.0,0.064285714286,0.114002659952,0.061146588667,0.049716945666
PACE,biosnap,seed_6,drug,base,0.8,0.1,0.2,validation,candidate,raw,859,104.0,0.121071012806,0.02600800822,0.112268992497,0.095063004585
PACE,biosnap,seed_6,drug,base,0.8,0.1,0.2,validation,candidate,calibrated,859,104.0,0.121071012806,0.143287637148,0.101503638396,0.033230960175
PACE,biosnap,seed_6,drug,base,0.8,0.1,0.2,validation,deferred,raw,86,19.0,0.220930232558,0.082486773539,0.190526100831,0.138443459019
PACE,biosnap,seed_6,drug,base,0.8,0.1,0.2,validation,deferred,calibrated,86,19.0,0.220930232558,0.228170769735,0.171645083546,0.007240537176
PACE,biosnap,seed_6,drug,base,0.8,0.1,0.2,validation,residual,raw,773,85.0,0.109961190168,0.019724471587,0.103562509552,0.090236718581
PACE,biosnap,seed_6,drug,base,0.8,0.1,0.2,validation,residual,calibrated,773,85.0,0.109961190168,0.13384397686,0.09370006235,0.037733610592
PACE,biosnap,seed_6,drug,base,0.8,0.1,0.2,test,candidate,raw,208,23.0,0.110576923077,0.024733070258,0.102621111891,0.085843852819
PACE,biosnap,seed_6,drug,base,0.8,0.1,0.2,test,candidate,calibrated,208,23.0,0.110576923077,0.140898720094,0.094057568687,0.03633776138
PACE,biosnap,seed_6,drug,base,0.8,0.1,0.2,test,deferred,raw,21,5.0,0.238095238095,0.079488355865,0.206613870763,0.158606882231
PACE,biosnap,seed_6,drug,base,0.8,0.1,0.2,test,deferred,calibrated,21,5.0,0.238095238095,0.225258597289,0.18157348707,0.012836640807
PACE,biosnap,seed_6,drug,base,0.8,0.1,0.2,test,residual,raw,187,18.0,0.096256684492,0.018584080965,0.09094278068,0.077672603527
PACE,biosnap,seed_6,drug,base,0.8,0.1,0.2,test,residual,calibrated,187,18.0,0.096256684492,0.131425150997,0.084229577852,0.038976924652
PACE,biosnap,seed_6,drug,base,0.8,0.2,0.2,validation,candidate,raw,859,104.0,0.121071012806,0.02600800822,0.112268992497,0.095063004585
PACE,biosnap,seed_6,drug,base,0.8,0.2,0.2,validation,candidate,calibrated,859,104.0,0.121071012806,0.143287637148,0.101503638396,0.033230960175
PACE,biosnap,seed_6,drug,base,0.8,0.2,0.2,validation,deferred,raw,172,45.0,0.261627906977,0.069655709999,0.231073978708,0.191972196978
PACE,biosnap,seed_6,drug,base,0.8,0.2,0.2,validation,deferred,calibrated,172,45.0,0.261627906977,0.215457040247,0.196433692187,0.04617086673
PACE,biosnap,seed_6,drug,base,0.8,0.2,0.2,validation,residual,raw,687,59.0,0.085880640466,0.015080199333,0.082524512689,0.070800441133
PACE,biosnap,seed_6,drug,base,0.8,0.2,0.2,validation,residual,calibrated,687,59.0,0.085880640466,0.125219023854,0.077736579804,0.039338383388
PACE,biosnap,seed_6,drug,base,0.8,0.2,0.2,test,candidate,raw,208,23.0,0.110576923077,0.024733070258,0.102621111891,0.085843852819
PACE,biosnap,seed_6,drug,base,0.8,0.2,0.2,test,candidate,calibrated,208,23.0,0.110576923077,0.140898720094,0.094057568687,0.03633776138
PACE,biosnap,seed_6,drug,base,0.8,0.2,0.2,test,deferred,raw,42,10.0,0.238095238095,0.065861732014,0.211031034982,0.172233506081
PACE,biosnap,seed_6,drug,base,0.8,0.2,0.2,test,deferred,calibrated,42,10.0,0.238095238095,0.211261273975,0.181991908542,0.026833964121
PACE,biosnap,seed_6,drug,base,0.8,0.2,0.2,test,residual,raw,166,13.0,0.078313253012,0.014327023308,0.075192095205,0.063986229704
PACE,biosnap,seed_6,drug,base,0.8,0.2,0.2,test,residual,calibrated,166,13.0,0.078313253012,0.12309614622,0.071809121254,0.044782893208
PACE,biosnap,seed_6,drug,base,0.9,0.1,0.2,validation,candidate,raw,706,66.0,0.093484419263,0.015936242051,0.089340027869,0.077548177213
PACE,biosnap,seed_6,drug,base,0.9,0.1,0.2,validation,candidate,calibrated,706,66.0,0.093484419263,0.127014918852,0.082734539868,0.033530499589
PACE,biosnap,seed_6,drug,base,0.9,0.1,0.2,validation,deferred,raw,71,13.0,0.183098591549,0.041812026363,0.16895828397,0.141286565186
PACE,biosnap,seed_6,drug,base,0.9,0.1,0.2,validation,deferred,calibrated,71,13.0,0.183098591549,0.183924004104,0.148564617186,0.000825412554
PACE,biosnap,seed_6,drug,base,0.9,0.1,0.2,validation,residual,raw,635,53.0,0.083464566929,0.01304304412,0.080437829155,0.07042152281
PACE,biosnap,seed_6,drug,base,0.9,0.1,0.2,validation,residual,calibrated,635,53.0,0.083464566929,0.120651855777,0.075374011538,0.037187288848
PACE,biosnap,seed_6,drug,base,0.9,0.1,0.2,test,candidate,raw,175,14.0,0.08,0.015957437292,0.076608378752,0.064042562708
PACE,biosnap,seed_6,drug,base,0.9,0.1,0.2,test,candidate,calibrated,175,14.0,0.08,0.126523182799,0.073495027673,0.046523182799
PACE,biosnap,seed_6,drug,base,0.9,0.1,0.2,test,deferred,raw,18,3.0,0.166666666667,0.043696296106,0.154181850408,0.122970370561
PACE,biosnap,seed_6,drug,base,0.9,0.1,0.2,test,deferred,calibrated,18,3.0,0.166666666667,0.186540380212,0.139526384745,0.019873713545
PACE,biosnap,seed_6,drug,base,0.9,0.1,0.2,test,residual,raw,157,11.0,0.070063694268,0.012777185963,0.067714604931,0.057286508305
PACE,biosnap,seed_6,drug,base,0.9,0.1,0.2,test,residual,calibrated,157,11.0,0.070063694268,0.11964223023,0.065924553614,0.049578535962
PACE,biosnap,seed_6,drug,base,0.9,0.2,0.2,validation,candidate,raw,706,66.0,0.093484419263,0.015936242051,0.089340027869,0.077548177213
PACE,biosnap,seed_6,drug,base,0.9,0.2,0.2,validation,candidate,calibrated,706,66.0,0.093484419263,0.127014918852,0.082734539868,0.033530499589
PACE,biosnap,seed_6,drug,base,0.9,0.2,0.2,validation,deferred,raw,141,31.0,0.219858156028,0.035828783052,0.205511609843,0.184029372976
PACE,biosnap,seed_6,drug,base,0.9,0.2,0.2,validation,deferred,calibrated,141,31.0,0.219858156028,0.174181386838,0.173629684085,0.045676769191
PACE,biosnap,seed_6,drug,base,0.9,0.2,0.2,validation,residual,raw,565,35.0,0.061946902655,0.010971908809,0.06034853573,0.050974993845
PACE,biosnap,seed_6,drug,base,0.9,0.2,0.2,validation,residual,calibrated,565,35.0,0.061946902655,0.115244171974,0.060050972904,0.05329726932
PACE,biosnap,seed_6,drug,base,0.9,0.2,0.2,test,candidate,raw,175,14.0,0.08,0.015957437292,0.076608378752,0.064042562708
PACE,biosnap,seed_6,drug,base,0.9,0.2,0.2,test,candidate,calibrated,175,14.0,0.08,0.126523182799,0.073495027673,0.046523182799
PACE,biosnap,seed_6,drug,base,0.9,0.2,0.2,test,deferred,raw,35,5.0,0.142857142857,0.037330501445,0.133159023388,0.105526641412
PACE,biosnap,seed_6,drug,base,0.9,0.2,0.2,test,deferred,calibrated,35,5.0,0.142857142857,0.176605274189,0.122888783698,0.033748131332
PACE,biosnap,seed_6,drug,base,0.9,0.2,0.2,test,residual,raw,140,9.0,0.064285714286,0.010614171253,0.062470717593,0.053671543032
PACE,biosnap,seed_6,drug,base,0.9,0.2,0.2,test,residual,calibrated,140,9.0,0.064285714286,0.114002659952,0.061146588667,0.049716945666
PACE,biosnap,seed_7,target,base,0.8,0.1,0.2,validation,candidate,raw,709,70.0,0.098730606488,0.030287557324,0.091530100652,0.068443049164
PACE,biosnap,seed_7,target,base,0.8,0.1,0.2,validation,candidate,calibrated,709,70.0,0.098730606488,0.110277010242,0.086520364426,0.013155405876
PACE,biosnap,seed_7,target,base,0.8,0.1,0.2,validation,deferred,raw,71,13.0,0.183098591549,0.085458145314,0.157670080008,0.097640446235
PACE,biosnap,seed_7,target,base,0.8,0.1,0.2,validation,deferred,calibrated,71,13.0,0.183098591549,0.190842360562,0.149284888615,0.023811128229
PACE,biosnap,seed_7,target,base,0.8,0.1,0.2,validation,residual,raw,638,57.0,0.08934169279,0.024147883739,0.084169695426,0.065193809051
PACE,biosnap,seed_7,target,base,0.8,0.1,0.2,validation,residual,calibrated,638,57.0,0.08934169279,0.101311273764,0.079535597628,0.011969580974
PACE,biosnap,seed_7,target,base,0.8,0.1,0.2,test,candidate,raw,181,15.0,0.082872928177,0.029026914934,0.077129560332,0.053846013242
PACE,biosnap,seed_7,target,base,0.8,0.1,0.2,test,candidate,calibrated,181,15.0,0.082872928177,0.10778045139,0.073742687234,0.039074955489
PACE,biosnap,seed_7,target,base,0.8,0.1,0.2,test,deferred,raw,18,2.0,0.111111111111,0.08360750277,0.100795888954,0.027503608341
PACE,biosnap,seed_7,target,base,0.8,0.1,0.2,test,deferred,calibrated,18,2.0,0.111111111111,0.183609518661,0.105186583888,0.07249840755
PACE,biosnap,seed_7,target,base,0.8,0.1,0.2,test,residual,raw,163,13.0,0.079754601227,0.022999610756,0.07451610073,0.056754990471
PACE,biosnap,seed_7,target,base,0.8,0.1,0.2,test,residual,calibrated,163,13.0,0.079754601227,0.09940668936,0.070270355088,0.051395940364
PACE,biosnap,seed_7,target,base,0.8,0.2,0.2,validation,candidate,raw,709,70.0,0.098730606488,0.030287557324,0.091530100652,0.068443049164
PACE,biosnap,seed_7,target,base,0.8,0.2,0.2,validation,candidate,calibrated,709,70.0,0.098730606488,0.110277010242,0.086520364426,0.013155405876
PACE,biosnap,seed_7,target,base,0.8,0.2,0.2,validation,deferred,raw,142,27.0,0.19014084507,0.075973462515,0.167170380836,0.114167382555
PACE,biosnap,seed_7,target,base,0.8,0.2,0.2,validation,deferred,calibrated,142,27.0,0.19014084507,0.177490845997,0.154855645505,0.012649999073
PACE,biosnap,seed_7,target,base,0.8,0.2,0.2,validation,residual,raw,567,43.0,0.075837742504,0.018845937329,0.072586679513,0.056991805175
PACE,biosnap,seed_7,target,base,0.8,0.2,0.2,validation,residual,calibrated,567,43.0,0.075837742504,0.093443915573,0.069406413962,0.017606173069
PACE,biosnap,seed_7,target,base,0.8,0.2,0.2,test,candidate,raw,181,15.0,0.082872928177,0.029026914934,0.077129560332,0.053846013242
PACE,biosnap,seed_7,target,base,0.8,0.2,0.2,test,candidate,calibrated,181,15.0,0.082872928177,0.10778045139,0.073742687234,0.039074955489
PACE,biosnap,seed_7,target,base,0.8,0.2,0.2,test,deferred,raw,36,7.0,0.194444444444,0.071712676447,0.1750095229,0.122731767998
PACE,biosnap,seed_7,target,base,0.8,0.2,0.2,test,deferred,calibrated,36,7.0,0.194444444444,0.171697637221,0.16044625241,0.022746807224
PACE,biosnap,seed_7,target,base,0.8,0.2,0.2,test,residual,raw,145,8.0,0.055172413793,0.018429070697,0.052828328246,0.036743343096
PACE,biosnap,seed_7,target,base,0.8,0.2,0.2,test,residual,calibrated,145,8.0,0.055172413793,0.091911356976,0.052216284846,0.043128840575
PACE,biosnap,seed_7,target,base,0.9,0.1,0.2,validation,candidate,raw,557,43.0,0.077199281867,0.01808922623,0.073875772979,0.059110055637
PACE,biosnap,seed_7,target,base,0.9,0.1,0.2,validation,candidate,calibrated,557,43.0,0.077199281867,0.092560525247,0.070273581067,0.01536124338
PACE,biosnap,seed_7,target,base,0.9,0.1,0.2,validation,deferred,raw,56,10.0,0.178571428571,0.041338822545,0.165997196899,0.137232606026
PACE,biosnap,seed_7,target,base,0.9,0.1,0.2,validation,deferred,calibrated,56,10.0,0.178571428571,0.140248744478,0.148400802179,0.038322684093
PACE,biosnap,seed_7,target,base,0.9,0.1,0.2,validation,residual,raw,501,33.0,0.065868263473,0.015490468958,0.063578767511,0.050377794515
PACE,biosnap,seed_7,target,base,0.9,0.1,0.2,validation,residual,calibrated,501,33.0,0.065868263473,0.087230105532,0.061540797869,0.021361842059
PACE,biosnap,seed_7,target,base,0.9,0.1,0.2,test,candidate,raw,144,8.0,0.055555555556,0.018207794083,0.053177626525,0.037347761473
PACE,biosnap,seed_7,target,base,0.9,0.1,0.2,test,candidate,calibrated,144,8.0,0.055555555556,0.091516020601,0.052425055681,0.0444619561
PACE,biosnap,seed_7,target,base,0.9,0.1,0.2,test,deferred,raw,14,0.0,0.0,0.043462704469,0.001910749387,0.043462704469
PACE,biosnap,seed_7,target,base,0.9,0.1,0.2,test,deferred,calibrated,14,0.0,0.0,0.139826528088,0.019591578351,0.139826528088
PACE,biosnap,seed_7,target,base,0.9,0.1,0.2,test,residual,raw,130,8.0,0.061538461538,0.015488034503,0.058698674832,0.046050427035
PACE,biosnap,seed_7,target,base,0.9,0.1,0.2,test,residual,calibrated,130,8.0,0.061538461538,0.086313350564,0.055960968624,0.064308408244
PACE,biosnap,seed_7,target,base,0.9,0.2,0.2,validation,candidate,raw,557,43.0,0.077199281867,0.01808922623,0.073875772979,0.059110055637
PACE,biosnap,seed_7,target,base,0.9,0.2,0.2,validation,candidate,calibrated,557,43.0,0.077199281867,0.092560525247,0.070273581067,0.01536124338
PACE,biosnap,seed_7,target,base,0.9,0.2,0.2,validation,deferred,raw,111,16.0,0.144144144144,0.036903471744,0.134820414226,0.1072406724
PACE,biosnap,seed_7,target,base,0.9,0.2,0.2,validation,deferred,calibrated,111,16.0,0.144144144144,0.132147250343,0.123213838614,0.011996893802
PACE,biosnap,seed_7,target,base,0.9,0.2,0.2,validation,residual,raw,446,27.0,0.060538116592,0.013406757055,0.058707936256,0.047131359537
PACE,biosnap,seed_7,target,base,0.9,0.2,0.2,validation,residual,calibrated,446,27.0,0.060538116592,0.08270822371,0.057097866745,0.022170107118
PACE,biosnap,seed_7,target,base,0.9,0.2,0.2,test,candidate,raw,144,8.0,0.055555555556,0.018207794083,0.053177626525,0.037347761473
PACE,biosnap,seed_7,target,base,0.9,0.2,0.2,test,candidate,calibrated,144,8.0,0.055555555556,0.091516020601,0.052425055681,0.0444619561
PACE,biosnap,seed_7,target,base,0.9,0.2,0.2,test,deferred,raw,29,4.0,0.137931034483,0.036961514364,0.130811533931,0.100969520119
PACE,biosnap,seed_7,target,base,0.9,0.2,0.2,test,deferred,calibrated,29,4.0,0.137931034483,0.130220782779,0.121507644177,0.007710251703
PACE,biosnap,seed_7,target,base,0.9,0.2,0.2,test,residual,raw,115,4.0,0.034782608696,0.013478595056,0.033600380309,0.02130401364
PACE,biosnap,seed_7,target,base,0.9,0.2,0.2,test,residual,calibrated,115,4.0,0.034782608696,0.081755689269,0.035004229017,0.053729777209
PACE,biosnap,seed_7,drug,base,0.8,0.1,0.2,validation,candidate,raw,709,70.0,0.098730606488,0.030287557324,0.091530100652,0.068443049164
PACE,biosnap,seed_7,drug,base,0.8,0.1,0.2,validation,candidate,calibrated,709,70.0,0.098730606488,0.108843174597,0.086307736009,0.014005337177
PACE,biosnap,seed_7,drug,base,0.8,0.1,0.2,validation,deferred,raw,71,14.0,0.197183098592,0.08539150754,0.170171312302,0.111791591051
PACE,biosnap,seed_7,drug,base,0.8,0.1,0.2,validation,deferred,calibrated,71,14.0,0.197183098592,0.188860863698,0.157809148482,0.030550628056
PACE,biosnap,seed_7,drug,base,0.8,0.1,0.2,validation,residual,raw,638,56.0,0.087774294671,0.024155299541,0.082778492459,0.063618995129
PACE,biosnap,seed_7,drug,base,0.8,0.1,0.2,validation,residual,calibrated,638,56.0,0.087774294671,0.099938384744,0.07835068227,0.012164090073
PACE,biosnap,seed_7,drug,base,0.8,0.1,0.2,test,candidate,raw,181,15.0,0.082872928177,0.029026914934,0.077129560332,0.053846013242
PACE,biosnap,seed_7,drug,base,0.8,0.1,0.2,test,candidate,calibrated,181,15.0,0.082872928177,0.10778045139,0.073742687234,0.039074955489
PACE,biosnap,seed_7,drug,base,0.8,0.1,0.2,test,deferred,raw,18,2.0,0.111111111111,0.08360750277,0.100795888954,0.027503608341
PACE,biosnap,seed_7,drug,base,0.8,0.1,0.2,test,deferred,calibrated,18,2.0,0.111111111111,0.183609518661,0.105186583888,0.07249840755
PACE,biosnap,seed_7,drug,base,0.8,0.1,0.2,test,residual,raw,163,13.0,0.079754601227,0.022999610756,0.07451610073,0.056754990471
PACE,biosnap,seed_7,drug,base,0.8,0.1,0.2,test,residual,calibrated,163,13.0,0.079754601227,0.09940668936,0.070270355088,0.051395940364
PACE,biosnap,seed_7,drug,base,0.8,0.2,0.2,validation,candidate,raw,709,70.0,0.098730606488,0.030287557324,0.091530100652,0.068443049164
PACE,biosnap,seed_7,drug,base,0.8,0.2,0.2,validation,candidate,calibrated,709,70.0,0.098730606488,0.108843174597,0.086307736009,0.014005337177
PACE,biosnap,seed_7,drug,base,0.8,0.2,0.2,validation,deferred,raw,142,26.0,0.183098591549,0.076073553467,0.160683526026,0.107025038082
PACE,biosnap,seed_7,drug,base,0.8,0.2,0.2,validation,deferred,calibrated,142,26.0,0.183098591549,0.176545891726,0.149324744924,0.012883731651
PACE,biosnap,seed_7,drug,base,0.8,0.2,0.2,validation,residual,raw,567,44.0,0.077601410935,0.018820870459,0.074211253381,0.058780540475
PACE,biosnap,seed_7,drug,base,0.8,0.2,0.2,validation,residual,calibrated,567,44.0,0.077601410935,0.091887644028,0.070525698503,0.014286233093
PACE,biosnap,seed_7,drug,base,0.8,0.2,0.2,test,candidate,raw,181,15.0,0.082872928177,0.029026914934,0.077129560332,0.053846013242
PACE,biosnap,seed_7,drug,base,0.8,0.2,0.2,test,candidate,calibrated,181,15.0,0.082872928177,0.10778045139,0.073742687234,0.039074955489
PACE,biosnap,seed_7,drug,base,0.8,0.2,0.2,test,deferred,raw,36,7.0,0.194444444444,0.071712676447,0.1750095229,0.122731767998
PACE,biosnap,seed_7,drug,base,0.8,0.2,0.2,test,deferred,calibrated,36,7.0,0.194444444444,0.171697637221,0.16044625241,0.022746807224
PACE,biosnap,seed_7,drug,base,0.8,0.2,0.2,test,residual,raw,145,8.0,0.055172413793,0.018429070697,0.052828328246,0.036743343096
PACE,biosnap,seed_7,drug,base,0.8,0.2,0.2,test,residual,calibrated,145,8.0,0.055172413793,0.091911356976,0.052216284846,0.043128840575
PACE,biosnap,seed_7,drug,base,0.9,0.1,0.2,validation,candidate,raw,557,43.0,0.077199281867,0.01808922623,0.073875772979,0.059110055637
PACE,biosnap,seed_7,drug,base,0.9,0.1,0.2,validation,candidate,calibrated,557,43.0,0.077199281867,0.09108163797,0.070093169078,0.013882356103
PACE,biosnap,seed_7,drug,base,0.9,0.1,0.2,validation,deferred,raw,56,9.0,0.160714285714,0.04181719653,0.148901839278,0.118897089184
PACE,biosnap,seed_7,drug,base,0.9,0.1,0.2,validation,deferred,calibrated,56,9.0,0.160714285714,0.142541090773,0.135359035751,0.018173194941
PACE,biosnap,seed_7,drug,base,0.9,0.1,0.2,validation,residual,raw,501,34.0,0.067864271457,0.015436998013,0.065489625848,0.052427273444
PACE,biosnap,seed_7,drug,base,0.9,0.1,0.2,validation,residual,calibrated,501,34.0,0.067864271457,0.085329683166,0.062797982384,0.017465411709
PACE,biosnap,seed_7,drug,base,0.9,0.1,0.2,test,candidate,raw,144,8.0,0.055555555556,0.018207794083,0.053177626525,0.037347761473
PACE,biosnap,seed_7,drug,base,0.9,0.1,0.2,test,candidate,calibrated,144,8.0,0.055555555556,0.091516020601,0.052425055681,0.0444619561
PACE,biosnap,seed_7,drug,base,0.9,0.1,0.2,test,deferred,raw,14,0.0,0.0,0.043462704469,0.001910749387,0.043462704469
PACE,biosnap,seed_7,drug,base,0.9,0.1,0.2,test,deferred,calibrated,14,0.0,0.0,0.139826528088,0.019591578351,0.139826528088
PACE,biosnap,seed_7,drug,base,0.9,0.1,0.2,test,residual,raw,130,8.0,0.061538461538,0.015488034503,0.058698674832,0.046050427035
PACE,biosnap,seed_7,drug,base,0.9,0.1,0.2,test,residual,calibrated,130,8.0,0.061538461538,0.086313350564,0.055960968624,0.064308408244
PACE,biosnap,seed_7,drug,base,0.9,0.2,0.2,validation,candidate,raw,557,43.0,0.077199281867,0.01808922623,0.073875772979,0.059110055637
PACE,biosnap,seed_7,drug,base,0.9,0.2,0.2,validation,candidate,calibrated,557,43.0,0.077199281867,0.09108163797,0.070093169078,0.013882356103
PACE,biosnap,seed_7,drug,base,0.9,0.2,0.2,validation,deferred,raw,111,16.0,0.144144144144,0.036839453721,0.134945031208,0.107304690423
PACE,biosnap,seed_7,drug,base,0.9,0.2,0.2,validation,deferred,calibrated,111,16.0,0.144144144144,0.133762714985,0.123614775356,0.010381429159
PACE,biosnap,seed_7,drug,base,0.9,0.2,0.2,validation,residual,raw,446,27.0,0.060538116592,0.013422689792,0.058676921716,0.0471154268
PACE,biosnap,seed_7,drug,base,0.9,0.2,0.2,validation,residual,calibrated,446,27.0,0.060538116592,0.080459217458,0.056772769309,0.019921100866
PACE,biosnap,seed_7,drug,base,0.9,0.2,0.2,test,candidate,raw,144,8.0,0.055555555556,0.018207794083,0.053177626525,0.037347761473
PACE,biosnap,seed_7,drug,base,0.9,0.2,0.2,test,candidate,calibrated,144,8.0,0.055555555556,0.091516020601,0.052425055681,0.0444619561
PACE,biosnap,seed_7,drug,base,0.9,0.2,0.2,test,deferred,raw,29,4.0,0.137931034483,0.036961514364,0.130811533931,0.100969520119
PACE,biosnap,seed_7,drug,base,0.9,0.2,0.2,test,deferred,calibrated,29,4.0,0.137931034483,0.130220782779,0.121507644177,0.007710251703
PACE,biosnap,seed_7,drug,base,0.9,0.2,0.2,test,residual,raw,115,4.0,0.034782608696,0.013478595056,0.033600380309,0.02130401364
PACE,biosnap,seed_7,drug,base,0.9,0.2,0.2,test,residual,calibrated,115,4.0,0.034782608696,0.081755689269,0.035004229017,0.053729777209
PACE,biosnap,seed_8,target,base,0.8,0.1,0.2,validation,candidate,raw,820,102.0,0.124390243902,0.023932112082,0.115803528734,0.10045813182
PACE,biosnap,seed_8,target,base,0.8,0.1,0.2,validation,candidate,calibrated,820,102.0,0.124390243902,0.140782729195,0.104109202685,0.020080983794
PACE,biosnap,seed_8,target,base,0.8,0.1,0.2,validation,deferred,raw,82,19.0,0.231707317073,0.07637439617,0.201540915701,0.155332920903
PACE,biosnap,seed_8,target,base,0.8,0.1,0.2,validation,deferred,calibrated,82,19.0,0.231707317073,0.227464822899,0.177894400682,0.004242494174
PACE,biosnap,seed_8,target,base,0.8,0.1,0.2,validation,residual,raw,738,83.0,0.112466124661,0.018105191628,0.106277152404,0.094360933033
PACE,biosnap,seed_8,target,base,0.8,0.1,0.2,validation,residual,calibrated,738,83.0,0.112466124661,0.13115138545,0.095910847352,0.021840815974
PACE,biosnap,seed_8,target,base,0.8,0.1,0.2,test,candidate,raw,200,25.0,0.125,0.024040284439,0.116214628556,0.100959715561
PACE,biosnap,seed_8,target,base,0.8,0.1,0.2,test,candidate,calibrated,200,25.0,0.125,0.138356075082,0.103499818183,0.035802096708
PACE,biosnap,seed_8,target,base,0.8,0.1,0.2,test,deferred,raw,20,5.0,0.25,0.085190592519,0.218058301915,0.164809407481
PACE,biosnap,seed_8,target,base,0.8,0.1,0.2,test,deferred,calibrated,20,5.0,0.25,0.226533471619,0.190755707439,0.023466528381
PACE,biosnap,seed_8,target,base,0.8,0.1,0.2,test,residual,raw,180,20.0,0.111111111111,0.017245805763,0.10489866485,0.093865305348
PACE,biosnap,seed_8,target,base,0.8,0.1,0.2,test,residual,calibrated,180,20.0,0.111111111111,0.128558586578,0.093804719377,0.037172715411
PACE,biosnap,seed_8,target,base,0.8,0.2,0.2,validation,candidate,raw,820,102.0,0.124390243902,0.023932112082,0.115803528734,0.10045813182
PACE,biosnap,seed_8,target,base,0.8,0.2,0.2,validation,candidate,calibrated,820,102.0,0.124390243902,0.140782729195,0.104109202685,0.020080983794
PACE,biosnap,seed_8,target,base,0.8,0.2,0.2,validation,deferred,raw,164,40.0,0.243902439024,0.065258552169,0.216048757312,0.178643886856
PACE,biosnap,seed_8,target,base,0.8,0.2,0.2,validation,deferred,calibrated,164,40.0,0.243902439024,0.213221787487,0.185788436723,0.030680651537
PACE,biosnap,seed_8,target,base,0.8,0.2,0.2,validation,residual,raw,656,62.0,0.094512195122,0.01360050206,0.090742221589,0.080911693062
PACE,biosnap,seed_8,target,base,0.8,0.2,0.2,validation,residual,calibrated,656,62.0,0.094512195122,0.122672964622,0.083689394176,0.0281607695
PACE,biosnap,seed_8,target,base,0.8,0.2,0.2,test,candidate,raw,200,25.0,0.125,0.024040284439,0.116214628556,0.100959715561
PACE,biosnap,seed_8,target,base,0.8,0.2,0.2,test,candidate,calibrated,200,25.0,0.125,0.138356075082,0.103499818183,0.035802096708
PACE,biosnap,seed_8,target,base,0.8,0.2,0.2,test,deferred,raw,40,12.0,0.3,0.068454609943,0.266897980325,0.231545390057
PACE,biosnap,seed_8,target,base,0.8,0.2,0.2,test,deferred,calibrated,40,12.0,0.3,0.211250388898,0.220586957527,0.088749611102
PACE,biosnap,seed_8,target,base,0.8,0.2,0.2,test,residual,raw,160,13.0,0.08125,0.012936703063,0.078543790614,0.068313296937
PACE,biosnap,seed_8,target,base,0.8,0.2,0.2,test,residual,calibrated,160,13.0,0.08125,0.120132496628,0.074228033347,0.038882496628
PACE,biosnap,seed_8,target,base,0.9,0.1,0.2,validation,candidate,raw,682,70.0,0.102639296188,0.014610729896,0.098139960698,0.088028566292
PACE,biosnap,seed_8,target,base,0.9,0.1,0.2,validation,candidate,calibrated,682,70.0,0.102639296188,0.125546519848,0.089043382855,0.025230117452
PACE,biosnap,seed_8,target,base,0.9,0.1,0.2,validation,deferred,raw,68,16.0,0.235294117647,0.039398868607,0.217664004944,0.19589524904
PACE,biosnap,seed_8,target,base,0.9,0.1,0.2,validation,deferred,calibrated,68,16.0,0.235294117647,0.187541541827,0.18059980056,0.04775257582
PACE,biosnap,seed_8,target,base,0.9,0.1,0.2,validation,residual,raw,614,54.0,0.087947882736,0.011865463719,0.08490277013,0.076082419017
PACE,biosnap,seed_8,target,base,0.9,0.1,0.2,validation,residual,calibrated,614,54.0,0.087947882736,0.118680621649,0.078903584151,0.030732738912
PACE,biosnap,seed_8,target,base,0.9,0.1,0.2,test,candidate,raw,169,16.0,0.094674556213,0.014716753068,0.090544903449,0.079957803145
PACE,biosnap,seed_8,target,base,0.9,0.1,0.2,test,candidate,calibrated,169,16.0,0.094674556213,0.12385511292,0.083160726144,0.029180556707
PACE,biosnap,seed_8,target,base,0.9,0.1,0.2,test,deferred,raw,17,5.0,0.294117647059,0.042752801088,0.270757934018,0.251364845971
PACE,biosnap,seed_8,target,base,0.9,0.1,0.2,test,deferred,calibrated,17,5.0,0.294117647059,0.185423253063,0.219488141116,0.108694393996
PACE,biosnap,seed_8,target,base,0.9,0.1,0.2,test,residual,raw,152,11.0,0.072368421053,0.011581142434,0.070389498714,0.060787278619
PACE,biosnap,seed_8,target,base,0.9,0.1,0.2,test,residual,calibrated,152,11.0,0.072368421053,0.116969202509,0.067913581049,0.044600781457
PACE,biosnap,seed_8,target,base,0.9,0.2,0.2,validation,candidate,raw,682,70.0,0.102639296188,0.014610729896,0.098139960698,0.088028566292
PACE,biosnap,seed_8,target,base,0.9,0.2,0.2,validation,candidate,calibrated,682,70.0,0.102639296188,0.125546519848,0.089043382855,0.025230117452
PACE,biosnap,seed_8,target,base,0.9,0.2,0.2,validation,deferred,raw,136,32.0,0.235294117647,0.034499073857,0.220112534113,0.20079504379
PACE,biosnap,seed_8,target,base,0.9,0.2,0.2,validation,deferred,calibrated,136,32.0,0.235294117647,0.176824312011,0.182490001755,0.058469805636
PACE,biosnap,seed_8,target,base,0.9,0.2,0.2,validation,residual,raw,546,38.0,0.069597069597,0.009656856675,0.067758513839,0.059940212922
PACE,biosnap,seed_8,target,base,0.9,0.2,0.2,validation,residual,calibrated,546,38.0,0.069597069597,0.112774029493,0.065767301957,0.043176959896
PACE,biosnap,seed_8,target,base,0.9,0.2,0.2,test,candidate,raw,169,16.0,0.094674556213,0.014716753068,0.090544903449,0.079957803145
PACE,biosnap,seed_8,target,base,0.9,0.2,0.2,test,candidate,calibrated,169,16.0,0.094674556213,0.12385511292,0.083160726144,0.029180556707
PACE,biosnap,seed_8,target,base,0.9,0.2,0.2,test,deferred,raw,34,6.0,0.176470588235,0.036631647885,0.16322119448,0.13983894035
PACE,biosnap,seed_8,target,base,0.9,0.2,0.2,test,deferred,calibrated,34,6.0,0.176470588235,0.176697883844,0.143005572575,0.000227295608
PACE,biosnap,seed_8,target,base,0.9,0.2,0.2,test,residual,raw,135,10.0,0.074074074074,0.009197446225,0.072241244967,0.064876627849
PACE,biosnap,seed_8,target,base,0.9,0.2,0.2,test,residual,calibrated,135,10.0,0.074074074074,0.110546563206,0.068088690747,0.036472489132
PACE,biosnap,seed_8,drug,base,0.8,0.1,0.2,validation,candidate,raw,820,102.0,0.124390243902,0.023932112082,0.115803528734,0.10045813182
PACE,biosnap,seed_8,drug,base,0.8,0.1,0.2,validation,candidate,calibrated,820,102.0,0.124390243902,0.139459530281,0.103744336274,0.015069286378
PACE,biosnap,seed_8,drug,base,0.8,0.1,0.2,validation,deferred,raw,82,20.0,0.243902439024,0.077828216442,0.210286278507,0.166074222582
PACE,biosnap,seed_8,drug,base,0.8,0.1,0.2,validation,deferred,calibrated,82,20.0,0.243902439024,0.222995114904,0.183122623449,0.02090732412
PACE,biosnap,seed_8,drug,base,0.8,0.1,0.2,validation,residual,raw,738,82.0,0.111111111111,0.017943656042,0.105305445426,0.093167455069
PACE,biosnap,seed_8,drug,base,0.8,0.1,0.2,validation,residual,calibrated,738,82.0,0.111111111111,0.130177798656,0.094924526588,0.019066687545
PACE,biosnap,seed_8,drug,base,0.8,0.1,0.2,test,candidate,raw,200,25.0,0.125,0.024040284439,0.116214628556,0.100959715561
PACE,biosnap,seed_8,drug,base,0.8,0.1,0.2,test,candidate,calibrated,200,25.0,0.125,0.138356075082,0.103499818183,0.035802096708
PACE,biosnap,seed_8,drug,base,0.8,0.1,0.2,test,deferred,raw,20,5.0,0.25,0.085190592519,0.218058301915,0.164809407481
PACE,biosnap,seed_8,drug,base,0.8,0.1,0.2,test,deferred,calibrated,20,5.0,0.25,0.226533471619,0.190755707439,0.023466528381
PACE,biosnap,seed_8,drug,base,0.8,0.1,0.2,test,residual,raw,180,20.0,0.111111111111,0.017245805763,0.10489866485,0.093865305348
PACE,biosnap,seed_8,drug,base,0.8,0.1,0.2,test,residual,calibrated,180,20.0,0.111111111111,0.128558586578,0.093804719377,0.037172715411
PACE,biosnap,seed_8,drug,base,0.8,0.2,0.2,validation,candidate,raw,820,102.0,0.124390243902,0.023932112082,0.115803528734,0.10045813182
PACE,biosnap,seed_8,drug,base,0.8,0.2,0.2,validation,candidate,calibrated,820,102.0,0.124390243902,0.139459530281,0.103744336274,0.015069286378
PACE,biosnap,seed_8,drug,base,0.8,0.2,0.2,validation,deferred,raw,164,39.0,0.237804878049,0.066046418764,0.210257281215,0.171758459285
PACE,biosnap,seed_8,drug,base,0.8,0.2,0.2,validation,deferred,calibrated,164,39.0,0.237804878049,0.21129862465,0.181799556882,0.032599399582
PACE,biosnap,seed_8,drug,base,0.8,0.2,0.2,validation,residual,raw,656,63.0,0.096036585366,0.013403535412,0.092190090614,0.082633049954
PACE,biosnap,seed_8,drug,base,0.8,0.2,0.2,validation,residual,calibrated,656,63.0,0.096036585366,0.121499756688,0.084230531122,0.025463171322
PACE,biosnap,seed_8,drug,base,0.8,0.2,0.2,test,candidate,raw,200,25.0,0.125,0.024040284439,0.116214628556,0.100959715561
PACE,biosnap,seed_8,drug,base,0.8,0.2,0.2,test,candidate,calibrated,200,25.0,0.125,0.138356075082,0.103499818183,0.035802096708
PACE,biosnap,seed_8,drug,base,0.8,0.2,0.2,test,deferred,raw,40,12.0,0.3,0.068454609943,0.266897980325,0.231545390057
PACE,biosnap,seed_8,drug,base,0.8,0.2,0.2,test,deferred,calibrated,40,12.0,0.3,0.211250388898,0.220586957527,0.088749611102
PACE,biosnap,seed_8,drug,base,0.8,0.2,0.2,test,residual,raw,160,13.0,0.08125,0.012936703063,0.078543790614,0.068313296937
PACE,biosnap,seed_8,drug,base,0.8,0.2,0.2,test,residual,calibrated,160,13.0,0.08125,0.120132496628,0.074228033347,0.038882496628
PACE,biosnap,seed_8,drug,base,0.9,0.1,0.2,validation,candidate,raw,682,70.0,0.102639296188,0.014610729896,0.098139960698,0.088028566292
PACE,biosnap,seed_8,drug,base,0.9,0.1,0.2,validation,candidate,calibrated,682,70.0,0.102639296188,0.124293378537,0.088754382621,0.021654082349
PACE,biosnap,seed_8,drug,base,0.9,0.1,0.2,validation,deferred,raw,68,16.0,0.235294117647,0.04067875982,0.217700053996,0.194615357827
PACE,biosnap,seed_8,drug,base,0.9,0.1,0.2,validation,deferred,calibrated,68,16.0,0.235294117647,0.186581220249,0.182432484457,0.048712897398
PACE,biosnap,seed_8,drug,base,0.9,0.1,0.2,validation,residual,raw,614,54.0,0.087947882736,0.01172371681,0.084898777726,0.076224165926
PACE,biosnap,seed_8,drug,base,0.9,0.1,0.2,validation,residual,calibrated,614,54.0,0.087947882736,0.117395050791,0.078379609128,0.029447168054
PACE,biosnap,seed_8,drug,base,0.9,0.1,0.2,test,candidate,raw,169,16.0,0.094674556213,0.014716753068,0.090544903449,0.079957803145
PACE,biosnap,seed_8,drug,base,0.9,0.1,0.2,test,candidate,calibrated,169,16.0,0.094674556213,0.12385511292,0.083160726144,0.029180556707
PACE,biosnap,seed_8,drug,base,0.9,0.1,0.2,test,deferred,raw,17,5.0,0.294117647059,0.042752801088,0.270757934018,0.251364845971
PACE,biosnap,seed_8,drug,base,0.9,0.1,0.2,test,deferred,calibrated,17,5.0,0.294117647059,0.185423253063,0.219488141116,0.108694393996
PACE,biosnap,seed_8,drug,base,0.9,0.1,0.2,test,residual,raw,152,11.0,0.072368421053,0.011581142434,0.070389498714,0.060787278619
PACE,biosnap,seed_8,drug,base,0.9,0.1,0.2,test,residual,calibrated,152,11.0,0.072368421053,0.116969202509,0.067913581049,0.044600781457
PACE,biosnap,seed_8,drug,base,0.9,0.2,0.2,validation,candidate,raw,682,70.0,0.102639296188,0.014610729896,0.098139960698,0.088028566292
PACE,biosnap,seed_8,drug,base,0.9,0.2,0.2,validation,candidate,calibrated,682,70.0,0.102639296188,0.124293378537,0.088754382621,0.021654082349
PACE,biosnap,seed_8,drug,base,0.9,0.2,0.2,validation,deferred,raw,136,33.0,0.242647058824,0.035218628929,0.226902034579,0.207428429894
PACE,biosnap,seed_8,drug,base,0.9,0.2,0.2,validation,deferred,calibrated,136,33.0,0.242647058824,0.176638097218,0.188429850233,0.066008961606
PACE,biosnap,seed_8,drug,base,0.9,0.2,0.2,validation,residual,raw,546,37.0,0.067765567766,0.00947762684,0.066067356214,0.058287940926
PACE,biosnap,seed_8,drug,base,0.9,0.2,0.2,validation,residual,calibrated,546,37.0,0.067765567766,0.111255133591,0.063926793619,0.043489565825
PACE,biosnap,seed_8,drug,base,0.9,0.2,0.2,test,candidate,raw,169,16.0,0.094674556213,0.014716753068,0.090544903449,0.079957803145
PACE,biosnap,seed_8,drug,base,0.9,0.2,0.2,test,candidate,calibrated,169,16.0,0.094674556213,0.12385511292,0.083160726144,0.029180556707
PACE,biosnap,seed_8,drug,base,0.9,0.2,0.2,test,deferred,raw,34,6.0,0.176470588235,0.036631647885,0.16322119448,0.13983894035
PACE,biosnap,seed_8,drug,base,0.9,0.2,0.2,test,deferred,calibrated,34,6.0,0.176470588235,0.176697883844,0.143005572575,0.000227295608
PACE,biosnap,seed_8,drug,base,0.9,0.2,0.2,test,residual,raw,135,10.0,0.074074074074,0.009197446225,0.072241244967,0.064876627849
PACE,biosnap,seed_8,drug,base,0.9,0.2,0.2,test,residual,calibrated,135,10.0,0.074074074074,0.110546563206,0.068088690747,0.036472489132
